Method name: x,,,,,,,,,,,,,,,,,,,,,,,,,,,,,,,,,,,,,,,,,,,,,,,,
Application: SparkControl,,,,V2.3,,,,,,,,,,,,,,,,,,,,,,,,,,,,,,,,,,,,,,,,,,,,
Device: Spark,,,,Serial number: x,,,,,,,,,,,,,,,,,,,,,,,,,,,,,,,,,,,,,,,,,,,,
Firmware:,,,,LUM:V5.2.3|ABS:V4.3.2|ABS_MEX:V5.0.7|MTP:V13.1.5|FLUOR:V5.1.3|FLUOR_BOTTOM:V5.0.2|FLUOR_MEM:V5.0.7|FLUOR_MEX:V5.0.7,,,,,,,,,,,,,,,,,,,,,,,,,,,,,,,,,,,,,,,,,,,,
,,,,,,,,,,,,,,,,,,,,,,,,,,,,,,,,,,,,,,,,,,,,,,,,
Date:,,,,28/02/2020,,,,,,,,,,,,,,,,,,,,,,,,,,,,,,,,,,,,,,,,,,,,
Time:,,,,9:11 AM,,,,,,,,,,,,,,,,,,,,,,,,,,,,,,,,,,,,,,,,,,,,
System,,,,x,,,,,,,,,,,,,,,,,,,,,,,,,,,,,,,,,,,,,,,,,,,,
User,,,,x\x,,,,,,,,,,,,,,,,,,,,,,,,,,,,,,,,,,,,,,,,,,,,
Plate,,,,[GRE96ft] - Greiner 96 Flat Transparent Cat. No.: 655101/655161/655192,,,,,,,,,,,,,,,,,,,,,,,,,,,,,,,,,,,,,,,,,,,,
Lid lifter,,,,No lid,,,,,,,,,,,,,,,,,,,,,,,,,,,,,,,,,,,,,,,,,,,,
Humidity Cassette,,,,No humidity cassette,,,,,,,,,,,,,,,,,,,,,,,,,,,,,,,,,,,,,,,,,,,,
Smooth mode,,,,Not selected,,,,,,,,,,,,,,,,,,,,,,,,,,,,,,,,,,,,,,,,,,,,
,,,,,,,,,,,,,,,,,,,,,,,,,,,,,,,,,,,,,,,,,,,,,,,,
List of actions in this measurement script:,,,,,,,,,,,,,,,,,,,,,,,,,,,,,,,,,,,,,,,,,,,,,,,,
Plate,,,,,,,,,,,,,,,,,,,,,,,,,,,,,,,,,,,,,,,,,,,,,,,,
,Temperature,,,,,,,,,,,,,,,,,,,,,,,,,,,,,,,,,,,,,,,,,,,,,,,
,Kinetic,,,,,,,,,,,,,,,,,,,,,,,,,,,,,,,,,,,,,,,,,,,,,,,
,,Absorbance,,,,OD600,,,,,,,,,,,,,,,,,,,,,,,,,,,,,,,,,,,,,,,,,,
,,Absorbance,,,,OD700,,,,,,,,,,,,,,,,,,,,,,,,,,,,,,,,,,,,,,,,,,
,,Fluorescence Top Reading,,,,GFP,,,,,,,,,,,,,,,,,,,,,,,,,,,,,,,,,,,,,,,,,,
,,Fluorescence Top Reading,,,,mCherry,,,,,,,,,,,,,,,,,,,,,,,,,,,,,,,,,,,,,,,,,,
,,Shaking,,,,,,,,,,,,,,,,,,,,,,,,,,,,,,,,,,,,,,,,,,,,,,
,,,,,,,,,,,,,,,,,,,,,,,,,,,,,,,,,,,,,,,,,,,,,,,,
Name,,,,GRE96ft,,,,,,,,,,,,,,,,,,,,,,,,,,,,,,,,,,,,,,,,,,,,
Plate layout,,,,,,,,,,,,,,,,,,,,,,,,,,,,,,,,,,,,,,,,,,,,,,,,
Plate area,,,,A1-H12,,,,,,,,,,,,,,,,,,,,,,,,,,,,,,,,,,,,,,,,,,,,
,,,,,,,,,,,,,,,,,,,,,,,,,,,,,,,,,,,,,,,,,,,,,,,,
Start Time,,,,27/02/2020 17:28,,,,,,,,,,,,,,,,,,,,,,,,,,,,,,,,,,,,,,,,,,,,
Temperature control,,,,On,,,,,,,,,,,,,,,,,,,,,,,,,,,,,,,,,,,,,,,,,,,,
Target temperature,,,,37,°C,,,,,,,,,,,,,,,,,,,,,,,,,,,,,,,,,,,,,,,,,,,
Wait minimum,,,,35,°C,,,,,,,,,,,,,,,,,,,,,,,,,,,,,,,,,,,,,,,,,,,
Wait maximum,,,,37.5,°C,,,,,,,,,,,,,,,,,,,,,,,,,,,,,,,,,,,,,,,,,,,
,,,,,,,,,,,,,,,,,,,,,,,,,,,,,,,,,,,,,,,,,,,,,,,,
Mode,Kinetic,,,,,,,,,,,,,,,,,,,,,,,,,,,,,,,,,,,,,,,,,,,,,,,
Kinetic duration,,,,23:59:59,hh:mm:ss,,,,,,,,,,,,,,,,,,,,,,,,,,,,,,,,,,,,,,,,,,,
Interval time,,,,00:20:00,hh:mm:ss,,,,,,,,,,,,,,,,,,,,,,,,,,,,,,,,,,,,,,,,,,,
,,,,,,,,,,,,,,,,,,,,,,,,,,,,,,,,,,,,,,,,,,,,,,,,
Mode,Absorbance,,,,,,,,,,,,,,,,,,,,,,,,,,,,,,,,,,,,,,,,,,,,,,,
Name,OD600,,,,,,,,,,,,,,,,,,,,,,,,,,,,,,,,,,,,,,,,,,,,,,,
Measurement wavelength,,,,600,nm,,,,,,,,,,,,,,,,,,,,,,,,,,,,,,,,,,,,,,,,,,,
Number of flashes,,,,10,,,,,,,,,,,,,,,,,,,,,,,,,,,,,,,,,,,,,,,,,,,,
Settle time,,,,50,ms,,,,,,,,,,,,,,,,,,,,,,,,,,,,,,,,,,,,,,,,,,,
Part of Plate,,,,A1-H12,,,,,,,,,,,,,,,,,,,,,,,,,,,,,,,,,,,,,,,,,,,,
,,,,,,,,,,,,,,,,,,,,,,,,,,,,,,,,,,,,,,,,,,,,,,,,
Mode,Absorbance,,,,,,,,,,,,,,,,,,,,,,,,,,,,,,,,,,,,,,,,,,,,,,,
Name,OD700,,,,,,,,,,,,,,,,,,,,,,,,,,,,,,,,,,,,,,,,,,,,,,,
Measurement wavelength,,,,700,nm,,,,,,,,,,,,,,,,,,,,,,,,,,,,,,,,,,,,,,,,,,,
Number of flashes,,,,10,,,,,,,,,,,,,,,,,,,,,,,,,,,,,,,,,,,,,,,,,,,,
Settle time,,,,50,ms,,,,,,,,,,,,,,,,,,,,,,,,,,,,,,,,,,,,,,,,,,,
Part of Plate,,,,A1-H12,,,,,,,,,,,,,,,,,,,,,,,,,,,,,,,,,,,,,,,,,,,,
,,,,,,,,,,,,,,,,,,,,,,,,,,,,,,,,,,,,,,,,,,,,,,,,
Mode,Fluorescence Top Reading,,,,,,,,,,,,,,,,,,,,,,,,,,,,,,,,,,,,,,,,,,,,,,,
Name,GFP,,,,,,,,,,,,,,,,,,,,,,,,,,,,,,,,,,,,,,,,,,,,,,,
Excitation,,,,Monochromator,,,,,,,,,,,,,,,,,,,,,,,,,,,,,,,,,,,,,,,,,,,,
Excitation wavelength,,,,485,nm,,,,,,,,,,,,,,,,,,,,,,,,,,,,,,,,,,,,,,,,,,,
Excitation bandwidth,,,,20,nm,,,,,,,,,,,,,,,,,,,,,,,,,,,,,,,,,,,,,,,,,,,
Emission,,,,Monochromator,,,,,,,,,,,,,,,,,,,,,,,,,,,,,,,,,,,,,,,,,,,,
Emission wavelength,,,,535,nm,,,,,,,,,,,,,,,,,,,,,,,,,,,,,,,,,,,,,,,,,,,
Emission bandwidth,,,,20,nm,,,,,,,,,,,,,,,,,,,,,,,,,,,,,,,,,,,,,,,,,,,
Gain,,,,135,Manual,,,,,,,,,,,,,,,,,,,,,,,,,,,,,,,,,,,,,,,,,,,
Mirror,,,,Automatic (Dichroic 510),,,,,,,,,,,,,,,,,,,,,,,,,,,,,,,,,,,,,,,,,,,,
Number of flashes,,,,30,,,,,,,,,,,,,,,,,,,,,,,,,,,,,,,,,,,,,,,,,,,,
Integration time,,,,40,µs,,,,,,,,,,,,,,,,,,,,,,,,,,,,,,,,,,,,,,,,,,,
Lag time,,,,0,µs,,,,,,,,,,,,,,,,,,,,,,,,,,,,,,,,,,,,,,,,,,,
Settle time,,,,0,ms,,,,,,,,,,,,,,,,,,,,,,,,,,,,,,,,,,,,,,,,,,,
Z-Position,,,,20000,µm,,,,,,,,,,,,,,,,,,,,,,,,,,,,,,,,,,,,,,,,,,,
Z-Position mode,,,,Manual,,,,,,,,,,,,,,,,,,,,,,,,,,,,,,,,,,,,,,,,,,,,
Part of Plate,,,,A1-H12,,,,,,,,,,,,,,,,,,,,,,,,,,,,,,,,,,,,,,,,,,,,
,,,,,,,,,,,,,,,,,,,,,,,,,,,,,,,,,,,,,,,,,,,,,,,,
Mode,Fluorescence Top Reading,,,,,,,,,,,,,,,,,,,,,,,,,,,,,,,,,,,,,,,,,,,,,,,
Name,mCherry,,,,,,,,,,,,,,,,,,,,,,,,,,,,,,,,,,,,,,,,,,,,,,,
Excitation,,,,Monochromator,,,,,,,,,,,,,,,,,,,,,,,,,,,,,,,,,,,,,,,,,,,,
Excitation wavelength,,,,561,nm,,,,,,,,,,,,,,,,,,,,,,,,,,,,,,,,,,,,,,,,,,,
Excitation bandwidth,,,,20,nm,,,,,,,,,,,,,,,,,,,,,,,,,,,,,,,,,,,,,,,,,,,
Emission,,,,Monochromator,,,,,,,,,,,,,,,,,,,,,,,,,,,,,,,,,,,,,,,,,,,,
Emission wavelength,,,,620,nm,,,,,,,,,,,,,,,,,,,,,,,,,,,,,,,,,,,,,,,,,,,
Emission bandwidth,,,,20,nm,,,,,,,,,,,,,,,,,,,,,,,,,,,,,,,,,,,,,,,,,,,
Gain,,,,180,Manual,,,,,,,,,,,,,,,,,,,,,,,,,,,,,,,,,,,,,,,,,,,
Mirror,,,,Automatic (50% Mirror),,,,,,,,,,,,,,,,,,,,,,,,,,,,,,,,,,,,,,,,,,,,
Number of flashes,,,,30,,,,,,,,,,,,,,,,,,,,,,,,,,,,,,,,,,,,,,,,,,,,
Integration time,,,,40,µs,,,,,,,,,,,,,,,,,,,,,,,,,,,,,,,,,,,,,,,,,,,
Lag time,,,,0,µs,,,,,,,,,,,,,,,,,,,,,,,,,,,,,,,,,,,,,,,,,,,
Settle time,,,,0,ms,,,,,,,,,,,,,,,,,,,,,,,,,,,,,,,,,,,,,,,,,,,
Z-Position,,,,20000,µm,,,,,,,,,,,,,,,,,,,,,,,,,,,,,,,,,,,,,,,,,,,
Z-Position mode,,,,Manual,,,,,,,,,,,,,,,,,,,,,,,,,,,,,,,,,,,,,,,,,,,,
Part of Plate,,,,A1-H12,,,,,,,,,,,,,,,,,,,,,,,,,,,,,,,,,,,,,,,,,,,,
,,,,,,,,,,,,,,,,,,,,,,,,,,,,,,,,,,,,,,,,,,,,,,,,
Shaking (Double Orbital) Duration,,,,Continuous,,,,,,,,,,,,,,,,,,,,,,,,,,,,,,,,,,,,,,,,,,,,
Shaking (Double Orbital) Position,,,,Current,,,,,,,,,,,,,,,,,,,,,,,,,,,,,,,,,,,,,,,,,,,,
Shaking (Double Orbital) Amplitude,,,,2,mm,,,,,,,,,,,,,,,,,,,,,,,,,,,,,,,,,,,,,,,,,,,
Shaking (Double Orbital) Frequency,,,,150,rpm,,,,,,,,,,,,,,,,,,,,,,,,,,,,,,,,,,,,,,,,,,,
,,,,,,,,,,,,,,,,,,,,,,,,,,,,,,,,,,,,,,,,,,,,,,,,
Start Time,,,,27/02/2020 17:28,,,,,,,,,,,,,,,,,,,,,,,,,,,,,,,,,,,,,,,,,,,,
,,,,,,,,,,,,,,,,,,,,,,,,,,,,,,,,,,,,,,,,,,,,,,,,
OD600,,,,,,,,,,,,,,,,,,,,,,,,,,,,,,,,,,,,,,,,,,,,,,,,
Cycle Nr.,1,2,3,4,5,6,7,8,9,10,11,12,13,14,15,16,17,18,19,20,21,22,23,24,25,26,27,28,29,30,31,32,33,34,35,36,37,38,39,40,41,42,43,44,45,46,47,48
Time [s],0,1199.825,2399.782,3599.711,4799.604,5999.575,7199.459,8399.435,9599.3,10799.28,11999.2,13199.119,14399.03,15598.964,16798.858,17998.854,19198.742,20398.667,21598.593,22798.512,23998.423,25198.388,26398.262,27598.149,28798.094,29998.046,31197.998,32397.9,33597.846,34797.726,35997.684,37197.62,38397.498,39597.453,40797.362,41997.318,43197.228,44397.14,45597.088,46797.02,47996.94,49196.876,50396.776,51596.742,52796.618,53996.559,55196.5,56396.416
Temp. [°C],35.6,37,37.1,37,37.1,37.1,37.1,37.1,37.1,37.1,37,37,37,37,37,37,37,37,37,37,37,37,37,37.1,37.1,37.1,37.1,37.1,37.1,37.1,37,37,37,37,37,37,37,37,37,37,37,37,37,37,37.1,37.1,37.1,37.1
A1,,,,,,,,,,,,,,,,,,,,,,,,,,,,,,,,,,,,,,,,,,,,,,,,
A2,,,,,,,,,,,,,,,,,,,,,,,,,,,,,,,,,,,,,,,,,,,,,,,,
A3,,,,,,,,,,,,,,,,,,,,,,,,,,,,,,,,,,,,,,,,,,,,,,,,
A4,,,,,,,,,,,,,,,,,,,,,,,,,,,,,,,,,,,,,,,,,,,,,,,,
A5,,,,,,,,,,,,,,,,,,,,,,,,,,,,,,,,,,,,,,,,,,,,,,,,
A6,,,,,,,,,,,,,,,,,,,,,,,,,,,,,,,,,,,,,,,,,,,,,,,,
A7,,,,,,,,,,,,,,,,,,,,,,,,,,,,,,,,,,,,,,,,,,,,,,,,
A8,,,,,,,,,,,,,,,,,,,,,,,,,,,,,,,,,,,,,,,,,,,,,,,,
A9,,,,,,,,,,,,,,,,,,,,,,,,,,,,,,,,,,,,,,,,,,,,,,,,
A10,,,,,,,,,,,,,,,,,,,,,,,,,,,,,,,,,,,,,,,,,,,,,,,,
A11,,,,,,,,,,,,,,,,,,,,,,,,,,,,,,,,,,,,,,,,,,,,,,,,
A12,,,,,,,,,,,,,,,,,,,,,,,,,,,,,,,,,,,,,,,,,,,,,,,,
B1,,,,,,,,,,,,,,,,,,,,,,,,,,,,,,,,,,,,,,,,,,,,,,,,
B2,,,,,,,,,,,,,,,,,,,,,,,,,,,,,,,,,,,,,,,,,,,,,,,,
B3,,,,,,,,,,,,,,,,,,,,,,,,,,,,,,,,,,,,,,,,,,,,,,,,
B4,,,,,,,,,,,,,,,,,,,,,,,,,,,,,,,,,,,,,,,,,,,,,,,,
B5,,,,,,,,,,,,,,,,,,,,,,,,,,,,,,,,,,,,,,,,,,,,,,,,
B6,,,,,,,,,,,,,,,,,,,,,,,,,,,,,,,,,,,,,,,,,,,,,,,,
B7,,,,,,,,,,,,,,,,,,,,,,,,,,,,,,,,,,,,,,,,,,,,,,,,
B8,,,,,,,,,,,,,,,,,,,,,,,,,,,,,,,,,,,,,,,,,,,,,,,,
B9,,,,,,,,,,,,,,,,,,,,,,,,,,,,,,,,,,,,,,,,,,,,,,,,
B10,,,,,,,,,,,,,,,,,,,,,,,,,,,,,,,,,,,,,,,,,,,,,,,,
B11,,,,,,,,,,,,,,,,,,,,,,,,,,,,,,,,,,,,,,,,,,,,,,,,
B12,,,,,,,,,,,,,,,,,,,,,,,,,,,,,,,,,,,,,,,,,,,,,,,,
C1,0.1074,0.1144,0.1218,0.1309,0.1438,0.155,0.173,0.1986,0.231,0.2701,0.3059,0.3565,0.4068,0.4303,0.4399,0.4443,0.4527,0.4659,0.4734,0.4752,0.4813,0.492,0.493,0.4961,0.4978,0.4964,0.4994,0.5043,0.5035,0.5086,0.5088,0.5097,0.5129,0.514,0.5185,0.5198,0.522,0.5242,0.52,0.522,0.5235,0.528,0.5265,0.5283,0.5268,0.5313,0.5276,0.5263
C2,0.1083,0.1151,0.1223,0.1312,0.1438,0.1542,0.1715,0.194,0.2192,0.2506,0.2835,0.3188,0.3614,0.4164,0.4358,0.446,0.4547,0.4608,0.46,0.4661,0.4711,0.4803,0.4799,0.4816,0.4824,0.4825,0.4845,0.4877,0.4887,0.4919,0.4933,0.4949,0.4969,0.4971,0.501,0.5015,0.5021,0.5034,0.5034,0.5043,0.5071,0.5077,0.5061,0.5072,0.5075,0.5085,0.508,0.5076
C3,0.1101,0.1168,0.126,0.1339,0.1464,0.1574,0.1774,0.2019,0.2246,0.2486,0.2715,0.2968,0.3247,0.3528,0.3905,0.4188,0.4282,0.4383,0.4412,0.4437,0.4448,0.4497,0.4547,0.4597,0.4614,0.462,0.4633,0.4635,0.4671,0.4668,0.4697,0.4699,0.4723,0.472,0.4741,0.4735,0.4748,0.4746,0.4773,0.4784,0.4795,0.4796,0.4778,0.4787,0.4792,0.4791,0.4801,0.4806
C4,0.1168,0.1244,0.1326,0.1432,0.1569,0.1725,0.1949,0.2214,0.2523,0.2804,0.2983,0.3093,0.3223,0.3378,0.3532,0.3639,0.3783,0.405,0.4109,0.4195,0.4237,0.4232,0.4256,0.4243,0.4266,0.4314,0.4346,0.4348,0.4412,0.4432,0.4418,0.442,0.4427,0.4424,0.4438,0.4441,0.4486,0.4458,0.4499,0.4516,0.4538,0.4532,0.4527,0.4545,0.4552,0.4552,0.4565,0.4591
C5,0.1108,0.1188,0.1282,0.1412,0.1578,0.1766,0.2033,0.2358,0.2749,0.3139,0.3604,0.3989,0.4066,0.3935,0.3885,0.3863,0.3843,0.3856,0.3866,0.3945,0.3966,0.3951,0.3984,0.3967,0.3974,0.3971,0.3972,0.3956,0.3993,0.3965,0.3983,0.399,0.3989,0.3993,0.3995,0.3993,0.3984,0.3986,0.4024,0.4021,0.4053,0.4027,0.4017,0.4024,0.4033,0.4016,0.4022,0.4047
C6,0.1208,0.1268,0.1362,0.1503,0.1666,0.1876,0.2165,0.2495,0.2933,0.3378,0.3946,0.4351,0.4667,0.4832,0.4942,0.5036,0.5155,0.5129,0.5144,0.5176,0.5178,0.5186,0.521,0.5217,0.5253,0.5264,0.5318,0.5288,0.5323,0.5328,0.5339,0.5433,0.5389,0.5368,0.5396,0.5408,0.5409,0.5419,0.5451,0.5452,0.5472,0.5451,0.5454,0.5446,0.5452,0.5433,0.5417,0.5449
C7,,,,,,,,,,,,,,,,,,,,,,,,,,,,,,,,,,,,,,,,,,,,,,,,
C8,,,,,,,,,,,,,,,,,,,,,,,,,,,,,,,,,,,,,,,,,,,,,,,,
C9,,,,,,,,,,,,,,,,,,,,,,,,,,,,,,,,,,,,,,,,,,,,,,,,
C10,,,,,,,,,,,,,,,,,,,,,,,,,,,,,,,,,,,,,,,,,,,,,,,,
C11,,,,,,,,,,,,,,,,,,,,,,,,,,,,,,,,,,,,,,,,,,,,,,,,
C12,0.0937,0.0933,0.093,0.0929,0.093,0.0932,0.0927,0.0928,0.0927,0.0926,0.0927,0.0927,0.0927,0.0925,0.093,0.0925,0.0923,0.0927,0.0939,0.092,0.0918,0.0918,0.0923,0.0917,0.0916,0.0927,0.0918,0.0918,0.0916,0.0913,0.0912,0.0912,0.0912,0.0912,0.0915,0.0908,0.0909,0.0911,0.091,0.0909,0.0909,0.0908,0.0908,0.0907,0.0905,0.0908,0.0905,0.0905
D1,0.097,0.0981,0.1026,0.1065,0.1113,0.1179,0.1267,0.1357,0.1505,0.1706,0.1943,0.2252,0.2607,0.2985,0.3626,0.4046,0.4218,0.4179,0.4174,0.4295,0.4401,0.4427,0.4525,0.4565,0.4589,0.4626,0.4623,0.4655,0.4681,0.4662,0.4705,0.4687,0.4713,0.4726,0.477,0.4738,0.4777,0.4803,0.4799,0.4796,0.4821,0.4806,0.4838,0.4826,0.4839,0.484,0.4852,0.4871
D2,0.1025,0.1041,0.1089,0.1137,0.1202,0.1285,0.136,0.1469,0.1634,0.184,0.2103,0.2369,0.2651,0.293,0.3258,0.37,0.4058,0.4147,0.4225,0.4191,0.4276,0.4288,0.436,0.442,0.4473,0.4499,0.4485,0.4507,0.4534,0.4512,0.4551,0.4531,0.456,0.4571,0.4601,0.4576,0.4606,0.4634,0.4639,0.4633,0.4661,0.4641,0.4668,0.4667,0.4672,0.4676,0.4686,0.4694
D3,0.1007,0.1026,0.1083,0.1132,0.1197,0.1298,0.1389,0.1519,0.1707,0.1956,0.2231,0.2516,0.2718,0.29,0.3109,0.3338,0.3504,0.3857,0.3998,0.4093,0.4153,0.4104,0.4146,0.4186,0.4244,0.4303,0.4335,0.4344,0.4373,0.4357,0.4392,0.4385,0.4408,0.4431,0.4467,0.4457,0.4483,0.4513,0.4512,0.4518,0.4551,0.455,0.4562,0.457,0.4569,0.4576,0.4587,0.4606
D4,0.1054,0.1073,0.1133,0.1211,0.1272,0.1369,0.1487,0.1658,0.1867,0.2147,0.2485,0.2863,0.3196,0.3334,0.3389,0.3452,0.3515,0.3562,0.3635,0.3787,0.3985,0.4013,0.4086,0.4062,0.4056,0.4086,0.4102,0.4129,0.4151,0.4157,0.4191,0.4183,0.4232,0.423,0.4238,0.4239,0.4252,0.4278,0.4288,0.4294,0.433,0.433,0.4343,0.4351,0.4355,0.4373,0.4383,0.4395
D5,0.0993,0.1025,0.1089,0.1154,0.1242,0.1348,0.1476,0.1651,0.1891,0.22,0.2591,0.3029,0.3499,0.3968,0.4272,0.4486,0.4586,0.4583,0.451,0.4424,0.435,0.4265,0.4233,0.4171,0.4146,0.4137,0.4097,0.4088,0.407,0.4039,0.4031,0.3972,0.397,0.3954,0.3941,0.3921,0.3894,0.388,0.3866,0.3836,0.384,0.38,0.3794,0.3777,0.3759,0.3741,0.3726,0.3719
D6,0.1041,0.1077,0.1142,0.1218,0.1316,0.1439,0.157,0.1767,0.2046,0.2376,0.2798,0.327,0.3779,0.4245,0.4522,0.4721,0.4865,0.4986,0.5063,0.5102,0.5111,0.5109,0.5142,0.5138,0.5149,0.5156,0.5169,0.5183,0.5202,0.5206,0.524,0.5216,0.5267,0.5269,0.5276,0.5308,0.5298,0.5318,0.5332,0.5339,0.5365,0.5357,0.5378,0.5374,0.5369,0.5377,0.5383,0.543
D7,,,,,,,,,,,,,,,,,,,,,,,,,,,,,,,,,,,,,,,,,,,,,,,,
D8,,,,,,,,,,,,,,,,,,,,,,,,,,,,,,,,,,,,,,,,,,,,,,,,
D9,,,,,,,,,,,,,,,,,,,,,,,,,,,,,,,,,,,,,,,,,,,,,,,,
D10,,,,,,,,,,,,,,,,,,,,,,,,,,,,,,,,,,,,,,,,,,,,,,,,
D11,,,,,,,,,,,,,,,,,,,,,,,,,,,,,,,,,,,,,,,,,,,,,,,,
D12,0.0908,0.0903,0.0902,0.0903,0.0903,0.0901,0.0898,0.0898,0.0899,0.09,0.0899,0.0898,0.0897,0.09,0.09,0.0899,0.09,0.0898,0.0902,0.0901,0.0901,0.0901,0.0903,0.0905,0.0902,0.0908,0.0903,0.0905,0.09,0.0904,0.0903,0.0903,0.0904,0.0902,0.0899,0.0902,0.0898,0.09,0.09,0.0898,0.09,0.09,0.09,0.0898,0.0898,0.0899,0.0897,0.09
E1,0.1009,0.1,0.1008,0.1023,0.1053,0.1093,0.1125,0.1185,0.1278,0.1349,0.1498,0.1662,0.1873,0.2161,0.2525,0.2891,0.3303,0.3895,0.4148,0.4255,0.4263,0.4265,0.4394,0.4429,0.4515,0.4568,0.4562,0.4603,0.4626,0.4614,0.4652,0.4622,0.4658,0.4647,0.4685,0.4659,0.4687,0.4716,0.4731,0.4715,0.4726,0.4708,0.4749,0.4722,0.475,0.4757,0.4763,0.4759
E2,0.1044,0.1032,0.1053,0.1088,0.1127,0.1167,0.1215,0.1302,0.1375,0.1504,0.1695,0.191,0.2143,0.2446,0.2748,0.3015,0.3303,0.3578,0.4081,0.4216,0.43,0.4277,0.4364,0.4372,0.4421,0.4492,0.4515,0.4532,0.4537,0.4553,0.4563,0.4566,0.459,0.4597,0.4622,0.4633,0.4641,0.466,0.466,0.4667,0.4684,0.4682,0.469,0.4696,0.4707,0.472,0.4723,0.4721
E3,0.0991,0.0983,0.1007,0.1048,0.109,0.1138,0.1198,0.1286,0.1383,0.1541,0.174,0.1987,0.2283,0.2655,0.2931,0.3101,0.326,0.344,0.3562,0.368,0.3973,0.4127,0.4192,0.4215,0.4256,0.4276,0.4257,0.4298,0.432,0.4373,0.4354,0.4372,0.4385,0.44,0.4408,0.4435,0.4436,0.4445,0.4449,0.4468,0.4481,0.4507,0.4511,0.4534,0.4528,0.4553,0.4557,0.4549
E4,0.0963,0.0967,0.0996,0.1037,0.1081,0.1131,0.1202,0.1296,0.1405,0.1575,0.1784,0.2063,0.2404,0.2825,0.3193,0.3541,0.3576,0.3554,0.3556,0.3567,0.3606,0.3704,0.3811,0.394,0.3993,0.4015,0.4014,0.4028,0.4032,0.4031,0.4006,0.4037,0.4044,0.4059,0.4048,0.4086,0.4086,0.4083,0.4078,0.4093,0.4092,0.4121,0.4111,0.4134,0.4127,0.4156,0.4158,0.4143
E5,0.1008,0.1019,0.1049,0.1097,0.114,0.1194,0.1273,0.1362,0.1485,0.1689,0.1892,0.2186,0.2543,0.3003,0.344,0.3896,0.4224,0.4479,0.4649,0.4721,0.4825,0.4921,0.4926,0.4938,0.4976,0.4955,0.4966,0.4991,0.4983,0.5002,0.5004,0.5017,0.503,0.5039,0.5061,0.5095,0.5087,0.5092,0.5092,0.5107,0.5118,0.5143,0.514,0.5158,0.5148,0.518,0.519,0.5181
E6,0.102,0.1025,0.1061,0.1109,0.1167,0.1219,0.1298,0.1395,0.1539,0.1727,0.1977,0.2303,0.2706,0.3192,0.3644,0.4079,0.4387,0.4641,0.4799,0.4909,0.5001,0.5063,0.5075,0.5083,0.5106,0.5093,0.5126,0.5116,0.5125,0.5201,0.5146,0.5192,0.5174,0.5186,0.5194,0.5211,0.5219,0.5226,0.5231,0.5252,0.5259,0.53,0.5267,0.5283,0.5281,0.5326,0.5313,0.5308
E7,,,,,,,,,,,,,,,,,,,,,,,,,,,,,,,,,,,,,,,,,,,,,,,,
E8,,,,,,,,,,,,,,,,,,,,,,,,,,,,,,,,,,,,,,,,,,,,,,,,
E9,,,,,,,,,,,,,,,,,,,,,,,,,,,,,,,,,,,,,,,,,,,,,,,,
E10,,,,,,,,,,,,,,,,,,,,,,,,,,,,,,,,,,,,,,,,,,,,,,,,
E11,,,,,,,,,,,,,,,,,,,,,,,,,,,,,,,,,,,,,,,,,,,,,,,,
E12,0.0983,0.0959,0.0952,0.0949,0.0949,0.0947,0.0947,0.0946,0.0944,0.0944,0.0944,0.0942,0.0942,0.0942,0.0943,0.0943,0.0956,0.0945,0.0951,0.0958,0.0975,0.1003,0.1044,0.107,0.1119,0.1175,0.1256,0.1343,0.1499,0.1674,0.1917,0.2215,0.2561,0.2934,0.3417,0.3802,0.4066,0.4247,0.4367,0.4513,0.4649,0.4774,0.476,0.479,0.4825,0.4867,0.4862,0.4918
F1,,,,,,,,,,,,,,,,,,,,,,,,,,,,,,,,,,,,,,,,,,,,,,,,
F2,,,,,,,,,,,,,,,,,,,,,,,,,,,,,,,,,,,,,,,,,,,,,,,,
F3,,,,,,,,,,,,,,,,,,,,,,,,,,,,,,,,,,,,,,,,,,,,,,,,
F4,,,,,,,,,,,,,,,,,,,,,,,,,,,,,,,,,,,,,,,,,,,,,,,,
F5,,,,,,,,,,,,,,,,,,,,,,,,,,,,,,,,,,,,,,,,,,,,,,,,
F6,,,,,,,,,,,,,,,,,,,,,,,,,,,,,,,,,,,,,,,,,,,,,,,,
F7,,,,,,,,,,,,,,,,,,,,,,,,,,,,,,,,,,,,,,,,,,,,,,,,
F8,,,,,,,,,,,,,,,,,,,,,,,,,,,,,,,,,,,,,,,,,,,,,,,,
F9,,,,,,,,,,,,,,,,,,,,,,,,,,,,,,,,,,,,,,,,,,,,,,,,
F10,,,,,,,,,,,,,,,,,,,,,,,,,,,,,,,,,,,,,,,,,,,,,,,,
F11,,,,,,,,,,,,,,,,,,,,,,,,,,,,,,,,,,,,,,,,,,,,,,,,
F12,,,,,,,,,,,,,,,,,,,,,,,,,,,,,,,,,,,,,,,,,,,,,,,,
G1,,,,,,,,,,,,,,,,,,,,,,,,,,,,,,,,,,,,,,,,,,,,,,,,
G2,,,,,,,,,,,,,,,,,,,,,,,,,,,,,,,,,,,,,,,,,,,,,,,,
G3,,,,,,,,,,,,,,,,,,,,,,,,,,,,,,,,,,,,,,,,,,,,,,,,
G4,,,,,,,,,,,,,,,,,,,,,,,,,,,,,,,,,,,,,,,,,,,,,,,,
G5,,,,,,,,,,,,,,,,,,,,,,,,,,,,,,,,,,,,,,,,,,,,,,,,
G6,,,,,,,,,,,,,,,,,,,,,,,,,,,,,,,,,,,,,,,,,,,,,,,,
G7,,,,,,,,,,,,,,,,,,,,,,,,,,,,,,,,,,,,,,,,,,,,,,,,
G8,,,,,,,,,,,,,,,,,,,,,,,,,,,,,,,,,,,,,,,,,,,,,,,,
G9,,,,,,,,,,,,,,,,,,,,,,,,,,,,,,,,,,,,,,,,,,,,,,,,
G10,,,,,,,,,,,,,,,,,,,,,,,,,,,,,,,,,,,,,,,,,,,,,,,,
G11,,,,,,,,,,,,,,,,,,,,,,,,,,,,,,,,,,,,,,,,,,,,,,,,
G12,,,,,,,,,,,,,,,,,,,,,,,,,,,,,,,,,,,,,,,,,,,,,,,,
H1,,,,,,,,,,,,,,,,,,,,,,,,,,,,,,,,,,,,,,,,,,,,,,,,
H2,,,,,,,,,,,,,,,,,,,,,,,,,,,,,,,,,,,,,,,,,,,,,,,,
H3,,,,,,,,,,,,,,,,,,,,,,,,,,,,,,,,,,,,,,,,,,,,,,,,
H4,,,,,,,,,,,,,,,,,,,,,,,,,,,,,,,,,,,,,,,,,,,,,,,,
H5,,,,,,,,,,,,,,,,,,,,,,,,,,,,,,,,,,,,,,,,,,,,,,,,
H6,,,,,,,,,,,,,,,,,,,,,,,,,,,,,,,,,,,,,,,,,,,,,,,,
H7,,,,,,,,,,,,,,,,,,,,,,,,,,,,,,,,,,,,,,,,,,,,,,,,
H8,,,,,,,,,,,,,,,,,,,,,,,,,,,,,,,,,,,,,,,,,,,,,,,,
H9,,,,,,,,,,,,,,,,,,,,,,,,,,,,,,,,,,,,,,,,,,,,,,,,
H10,,,,,,,,,,,,,,,,,,,,,,,,,,,,,,,,,,,,,,,,,,,,,,,,
H11,,,,,,,,,,,,,,,,,,,,,,,,,,,,,,,,,,,,,,,,,,,,,,,,
H12,,,,,,,,,,,,,,,,,,,,,,,,,,,,,,,,,,,,,,,,,,,,,,,,
,,,,,,,,,,,,,,,,,,,,,,,,,,,,,,,,,,,,,,,,,,,,,,,,
OD700,,,,,,,,,,,,,,,,,,,,,,,,,,,,,,,,,,,,,,,,,,,,,,,,
Cycle Nr.,1,2,3,4,5,6,7,8,9,10,11,12,13,14,15,16,17,18,19,20,21,22,23,24,25,26,27,28,29,30,31,32,33,34,35,36,37,38,39,40,41,42,43,44,45,46,47,48
Time [s],0,1199.825,2399.782,3599.711,4799.604,5999.575,7199.459,8399.435,9599.3,10799.28,11999.2,13199.119,14399.03,15598.964,16798.858,17998.854,19198.742,20398.667,21598.593,22798.512,23998.423,25198.388,26398.262,27598.149,28798.094,29998.046,31197.998,32397.9,33597.846,34797.726,35997.684,37197.62,38397.498,39597.453,40797.362,41997.318,43197.228,44397.14,45597.088,46797.02,47996.94,49196.876,50396.776,51596.742,52796.618,53996.559,55196.5,56396.416
Temp. [°C],35.4,37.1,37.1,37.1,37,37,37,37,37,37,37,37,37,37,37,37,37.1,37.1,37.1,37.1,37.1,37.1,37.1,37,37,37,37,37,37,37,37,37,37,37,37,37.1,37.1,37.1,37.1,37.1,37.1,37.1,37.1,37.1,37,37,37,37
A1,,,,,,,,,,,,,,,,,,,,,,,,,,,,,,,,,,,,,,,,,,,,,,,,
A2,,,,,,,,,,,,,,,,,,,,,,,,,,,,,,,,,,,,,,,,,,,,,,,,
A3,,,,,,,,,,,,,,,,,,,,,,,,,,,,,,,,,,,,,,,,,,,,,,,,
A4,,,,,,,,,,,,,,,,,,,,,,,,,,,,,,,,,,,,,,,,,,,,,,,,
A5,,,,,,,,,,,,,,,,,,,,,,,,,,,,,,,,,,,,,,,,,,,,,,,,
A6,,,,,,,,,,,,,,,,,,,,,,,,,,,,,,,,,,,,,,,,,,,,,,,,
A7,,,,,,,,,,,,,,,,,,,,,,,,,,,,,,,,,,,,,,,,,,,,,,,,
A8,,,,,,,,,,,,,,,,,,,,,,,,,,,,,,,,,,,,,,,,,,,,,,,,
A9,,,,,,,,,,,,,,,,,,,,,,,,,,,,,,,,,,,,,,,,,,,,,,,,
A10,,,,,,,,,,,,,,,,,,,,,,,,,,,,,,,,,,,,,,,,,,,,,,,,
A11,,,,,,,,,,,,,,,,,,,,,,,,,,,,,,,,,,,,,,,,,,,,,,,,
A12,,,,,,,,,,,,,,,,,,,,,,,,,,,,,,,,,,,,,,,,,,,,,,,,
B1,,,,,,,,,,,,,,,,,,,,,,,,,,,,,,,,,,,,,,,,,,,,,,,,
B2,,,,,,,,,,,,,,,,,,,,,,,,,,,,,,,,,,,,,,,,,,,,,,,,
B3,,,,,,,,,,,,,,,,,,,,,,,,,,,,,,,,,,,,,,,,,,,,,,,,
B4,,,,,,,,,,,,,,,,,,,,,,,,,,,,,,,,,,,,,,,,,,,,,,,,
B5,,,,,,,,,,,,,,,,,,,,,,,,,,,,,,,,,,,,,,,,,,,,,,,,
B6,,,,,,,,,,,,,,,,,,,,,,,,,,,,,,,,,,,,,,,,,,,,,,,,
B7,,,,,,,,,,,,,,,,,,,,,,,,,,,,,,,,,,,,,,,,,,,,,,,,
B8,,,,,,,,,,,,,,,,,,,,,,,,,,,,,,,,,,,,,,,,,,,,,,,,
B9,,,,,,,,,,,,,,,,,,,,,,,,,,,,,,,,,,,,,,,,,,,,,,,,
B10,,,,,,,,,,,,,,,,,,,,,,,,,,,,,,,,,,,,,,,,,,,,,,,,
B11,,,,,,,,,,,,,,,,,,,,,,,,,,,,,,,,,,,,,,,,,,,,,,,,
B12,,,,,,,,,,,,,,,,,,,,,,,,,,,,,,,,,,,,,,,,,,,,,,,,
C1,0.1003,0.1038,0.1102,0.1173,0.1274,0.136,0.1508,0.1702,0.1956,0.2255,0.2586,0.319,0.3437,0.3461,0.3617,0.3633,0.3669,0.3761,0.3826,0.3882,0.3935,0.3969,0.3972,0.3999,0.4007,0.4031,0.4016,0.4049,0.4078,0.4058,0.4107,0.4129,0.4155,0.4134,0.4156,0.4155,0.419,0.4194,0.4201,0.42,0.4247,0.4251,0.4247,0.4238,0.4262,0.4276,0.4257,0.4264
C2,0.1006,0.1044,0.1105,0.1176,0.1267,0.1356,0.1491,0.166,0.1869,0.211,0.2391,0.267,0.3241,0.3479,0.3594,0.365,0.3684,0.3732,0.3728,0.3764,0.3823,0.3864,0.3885,0.3899,0.39,0.3919,0.3915,0.3947,0.3943,0.3956,0.3985,0.4005,0.4015,0.4012,0.4041,0.4048,0.4064,0.4065,0.407,0.4082,0.4104,0.4107,0.4102,0.4104,0.4096,0.4108,0.4107,0.4104
C3,0.1018,0.1059,0.1121,0.1193,0.1287,0.1386,0.1524,0.1701,0.1902,0.2099,0.2283,0.2492,0.2691,0.3112,0.3342,0.3439,0.3498,0.3568,0.3617,0.3585,0.3606,0.3647,0.3679,0.3726,0.3736,0.3731,0.3741,0.3758,0.3745,0.3752,0.3784,0.3789,0.3797,0.3798,0.3824,0.3826,0.3838,0.3846,0.3848,0.3859,0.3849,0.3853,0.3861,0.3849,0.3893,0.3867,0.3864,0.3874
C4,0.108,0.1133,0.1197,0.1282,0.1393,0.1514,0.1676,0.1896,0.2132,0.2375,0.2497,0.2605,0.2686,0.283,0.2943,0.3042,0.3234,0.3334,0.34,0.3443,0.3478,0.3497,0.3496,0.3483,0.3498,0.3508,0.3536,0.355,0.3554,0.3575,0.3594,0.3583,0.3571,0.3584,0.3603,0.3609,0.3623,0.3639,0.3637,0.3659,0.3648,0.3653,0.3676,0.3667,0.3679,0.3685,0.3685,0.3701
C5,0.1012,0.1072,0.1144,0.1253,0.1377,0.153,0.1728,0.1994,0.2291,0.2615,0.297,0.3261,0.3301,0.3264,0.3193,0.3161,0.3151,0.3169,0.3211,0.3237,0.324,0.3245,0.3261,0.3252,0.3255,0.3235,0.3245,0.3239,0.3229,0.3232,0.3246,0.3237,0.3229,0.3234,0.3244,0.3248,0.3242,0.3249,0.3246,0.3262,0.3238,0.3241,0.3254,0.324,0.3247,0.3249,0.3252,0.3262
C6,0.1103,0.1147,0.1231,0.1334,0.1458,0.1632,0.1842,0.2125,0.244,0.2823,0.3223,0.3584,0.3785,0.3947,0.4014,0.4082,0.4143,0.4158,0.4163,0.4182,0.4194,0.4196,0.4206,0.4248,0.4244,0.4234,0.4265,0.431,0.4277,0.4295,0.4314,0.4325,0.4331,0.4332,0.4379,0.4364,0.4375,0.4382,0.4372,0.4402,0.4381,0.4374,0.4389,0.435,0.4364,0.4398,0.4371,0.4408
C7,,,,,,,,,,,,,,,,,,,,,,,,,,,,,,,,,,,,,,,,,,,,,,,,
C8,,,,,,,,,,,,,,,,,,,,,,,,,,,,,,,,,,,,,,,,,,,,,,,,
C9,,,,,,,,,,,,,,,,,,,,,,,,,,,,,,,,,,,,,,,,,,,,,,,,
C10,,,,,,,,,,,,,,,,,,,,,,,,,,,,,,,,,,,,,,,,,,,,,,,,
C11,,,,,,,,,,,,,,,,,,,,,,,,,,,,,,,,,,,,,,,,,,,,,,,,
C12,0.0889,0.0881,0.0884,0.0881,0.0879,0.0879,0.0881,0.0879,0.0881,0.0879,0.0878,0.0877,0.0876,0.0877,0.0878,0.0879,0.0877,0.0878,0.0875,0.0871,0.0868,0.0868,0.0871,0.0866,0.0867,0.0866,0.0873,0.0865,0.0864,0.0864,0.0864,0.0862,0.0865,0.0865,0.0861,0.0861,0.086,0.0859,0.086,0.0859,0.086,0.0858,0.0858,0.086,0.0859,0.0859,0.0858,0.0858
D1,0.0909,0.0916,0.0947,0.099,0.1018,0.1074,0.1144,0.1211,0.1354,0.1491,0.1683,0.1921,0.2215,0.2519,0.3115,0.3407,0.3513,0.3458,0.345,0.3488,0.3564,0.362,0.3667,0.3735,0.3749,0.3742,0.3753,0.3763,0.3776,0.3776,0.3801,0.3792,0.3802,0.3819,0.3833,0.3846,0.3858,0.387,0.3881,0.387,0.3889,0.3877,0.3898,0.3892,0.389,0.3903,0.3916,0.3925
D2,0.0968,0.0971,0.1014,0.1057,0.1104,0.1163,0.1217,0.1304,0.1448,0.1653,0.1817,0.2015,0.2259,0.246,0.2783,0.3201,0.3395,0.3461,0.3475,0.3422,0.3463,0.3505,0.3548,0.3621,0.367,0.3657,0.3654,0.3658,0.366,0.3669,0.3682,0.3675,0.3686,0.3691,0.3718,0.3717,0.3729,0.3733,0.3746,0.3743,0.376,0.3747,0.3767,0.3765,0.3768,0.3764,0.3788,0.3795
D3,0.0949,0.0959,0.1004,0.1047,0.1088,0.1161,0.1235,0.1339,0.1499,0.1693,0.1909,0.2123,0.2301,0.2436,0.2596,0.2799,0.2983,0.3207,0.331,0.3355,0.3377,0.3356,0.3388,0.3451,0.3495,0.3507,0.3563,0.3547,0.3547,0.3555,0.3574,0.3569,0.3571,0.3586,0.3608,0.3613,0.3629,0.3644,0.366,0.3655,0.3678,0.3671,0.3686,0.3678,0.3673,0.3685,0.3693,0.3706
D4,0.0991,0.1,0.1052,0.1096,0.1156,0.123,0.1318,0.1452,0.1624,0.1856,0.2122,0.2412,0.268,0.278,0.2819,0.2876,0.2907,0.2943,0.3019,0.316,0.3254,0.3305,0.3316,0.3342,0.3344,0.335,0.337,0.3374,0.3382,0.3401,0.3414,0.3416,0.3436,0.3437,0.3443,0.3447,0.3457,0.346,0.3479,0.3482,0.3496,0.3495,0.351,0.3508,0.3504,0.3524,0.353,0.3543
D5,0.0922,0.0949,0.1003,0.1056,0.1121,0.1209,0.1307,0.1447,0.1634,0.1881,0.2177,0.2521,0.2902,0.3278,0.3507,0.3673,0.3725,0.3715,0.365,0.3573,0.3515,0.3462,0.343,0.3395,0.3372,0.336,0.3333,0.3308,0.3296,0.3286,0.3265,0.3232,0.3222,0.3213,0.3206,0.3184,0.3178,0.315,0.3148,0.3124,0.3118,0.3096,0.3088,0.3066,0.305,0.3045,0.3033,0.3027
D6,0.0973,0.0995,0.1051,0.1111,0.1186,0.1275,0.138,0.1532,0.1753,0.2025,0.2343,0.273,0.3126,0.3473,0.3707,0.3872,0.3963,0.4031,0.4095,0.4112,0.4125,0.4138,0.4142,0.4161,0.4164,0.4176,0.4179,0.4183,0.4185,0.4209,0.4219,0.4219,0.4228,0.425,0.4265,0.4263,0.4282,0.4283,0.4299,0.4311,0.4322,0.4317,0.4329,0.4329,0.4336,0.4345,0.4342,0.4352
D7,,,,,,,,,,,,,,,,,,,,,,,,,,,,,,,,,,,,,,,,,,,,,,,,
D8,,,,,,,,,,,,,,,,,,,,,,,,,,,,,,,,,,,,,,,,,,,,,,,,
D9,,,,,,,,,,,,,,,,,,,,,,,,,,,,,,,,,,,,,,,,,,,,,,,,
D10,,,,,,,,,,,,,,,,,,,,,,,,,,,,,,,,,,,,,,,,,,,,,,,,
D11,,,,,,,,,,,,,,,,,,,,,,,,,,,,,,,,,,,,,,,,,,,,,,,,
D12,0.0856,0.0851,0.0852,0.0851,0.0851,0.0852,0.085,0.0851,0.0855,0.0853,0.0852,0.0852,0.0852,0.085,0.085,0.0852,0.0853,0.0852,0.0852,0.0852,0.0849,0.0851,0.0854,0.0851,0.0851,0.0853,0.0854,0.0855,0.0854,0.0856,0.0855,0.0852,0.0854,0.0853,0.0852,0.0852,0.0851,0.0852,0.0852,0.085,0.0853,0.0849,0.0851,0.0852,0.0848,0.0848,0.0848,0.0849
E1,0.0955,0.0944,0.0949,0.0961,0.0985,0.1005,0.1034,0.108,0.1148,0.1216,0.133,0.1472,0.1647,0.1865,0.2146,0.2435,0.2965,0.3312,0.3443,0.3481,0.3475,0.3533,0.3551,0.3648,0.3735,0.3714,0.3731,0.3724,0.3743,0.3739,0.3763,0.3755,0.3752,0.3767,0.3781,0.3789,0.3799,0.3802,0.3822,0.3811,0.3825,0.3809,0.3819,0.3811,0.3809,0.3814,0.3827,0.3846
E2,0.0988,0.0977,0.0988,0.102,0.1049,0.1082,0.1114,0.1172,0.1239,0.134,0.1472,0.1647,0.1858,0.2093,0.2323,0.2523,0.2757,0.3128,0.3384,0.3499,0.3517,0.3524,0.3559,0.3583,0.3623,0.3653,0.3704,0.3703,0.3708,0.3701,0.3717,0.3728,0.3724,0.3726,0.3746,0.3753,0.3766,0.3776,0.3781,0.3793,0.3794,0.38,0.3804,0.3789,0.3794,0.3806,0.3807,0.3812
E3,0.0935,0.0928,0.0944,0.0979,0.101,0.1047,0.1095,0.1168,0.1237,0.1359,0.1509,0.1715,0.1966,0.2233,0.2453,0.258,0.2715,0.2854,0.2936,0.3167,0.3292,0.3389,0.3428,0.344,0.3494,0.3499,0.3499,0.353,0.3531,0.3567,0.3566,0.3572,0.3579,0.357,0.3592,0.3586,0.3606,0.3609,0.3619,0.3637,0.3635,0.3651,0.3666,0.3656,0.3662,0.3678,0.3672,0.3665
E4,0.0909,0.091,0.0932,0.0965,0.1003,0.104,0.1093,0.1167,0.1251,0.1373,0.1543,0.1772,0.2014,0.2352,0.2669,0.2908,0.2958,0.2922,0.2916,0.2965,0.297,0.3055,0.3157,0.3201,0.3259,0.3283,0.3298,0.3309,0.3301,0.3299,0.3289,0.3299,0.3305,0.3297,0.3319,0.3301,0.3318,0.3323,0.3324,0.3331,0.3327,0.3346,0.336,0.335,0.335,0.3376,0.3363,0.335
E5,0.0951,0.0959,0.0982,0.1021,0.1057,0.1098,0.1153,0.1227,0.1325,0.1455,0.1634,0.1872,0.2135,0.2504,0.2856,0.3232,0.3468,0.365,0.3799,0.3875,0.3894,0.3968,0.3988,0.3979,0.3991,0.4005,0.4019,0.4053,0.4027,0.4032,0.4036,0.4049,0.4065,0.406,0.4081,0.4082,0.4088,0.4108,0.4113,0.4129,0.4145,0.4141,0.4165,0.4157,0.4163,0.4191,0.4189,0.4174
E6,0.0961,0.0964,0.0991,0.1031,0.1072,0.1116,0.1176,0.1251,0.1363,0.1503,0.1703,0.1969,0.2247,0.2649,0.3031,0.3376,0.359,0.3784,0.389,0.4,0.404,0.4101,0.4099,0.4094,0.4115,0.4125,0.4136,0.4148,0.4143,0.4141,0.4159,0.4164,0.4178,0.4183,0.4204,0.4207,0.4216,0.4244,0.422,0.4241,0.424,0.4287,0.426,0.4251,0.4266,0.4281,0.4273,0.4269
E7,,,,,,,,,,,,,,,,,,,,,,,,,,,,,,,,,,,,,,,,,,,,,,,,
E8,,,,,,,,,,,,,,,,,,,,,,,,,,,,,,,,,,,,,,,,,,,,,,,,
E9,,,,,,,,,,,,,,,,,,,,,,,,,,,,,,,,,,,,,,,,,,,,,,,,
E10,,,,,,,,,,,,,,,,,,,,,,,,,,,,,,,,,,,,,,,,,,,,,,,,
E11,,,,,,,,,,,,,,,,,,,,,,,,,,,,,,,,,,,,,,,,,,,,,,,,
E12,0.0929,0.0907,0.0903,0.0902,0.0897,0.0897,0.0895,0.0895,0.0894,0.0894,0.0895,0.0893,0.0892,0.0892,0.0892,0.0894,0.0893,0.0893,0.0897,0.0904,0.0914,0.0937,0.0962,0.0988,0.1027,0.1068,0.113,0.1201,0.1334,0.1474,0.165,0.1879,0.2185,0.2477,0.2859,0.3119,0.3343,0.3469,0.3598,0.3701,0.3766,0.3848,0.3866,0.3902,0.3904,0.3946,0.3961,0.3983
F1,,,,,,,,,,,,,,,,,,,,,,,,,,,,,,,,,,,,,,,,,,,,,,,,
F2,,,,,,,,,,,,,,,,,,,,,,,,,,,,,,,,,,,,,,,,,,,,,,,,
F3,,,,,,,,,,,,,,,,,,,,,,,,,,,,,,,,,,,,,,,,,,,,,,,,
F4,,,,,,,,,,,,,,,,,,,,,,,,,,,,,,,,,,,,,,,,,,,,,,,,
F5,,,,,,,,,,,,,,,,,,,,,,,,,,,,,,,,,,,,,,,,,,,,,,,,
F6,,,,,,,,,,,,,,,,,,,,,,,,,,,,,,,,,,,,,,,,,,,,,,,,
F7,,,,,,,,,,,,,,,,,,,,,,,,,,,,,,,,,,,,,,,,,,,,,,,,
F8,,,,,,,,,,,,,,,,,,,,,,,,,,,,,,,,,,,,,,,,,,,,,,,,
F9,,,,,,,,,,,,,,,,,,,,,,,,,,,,,,,,,,,,,,,,,,,,,,,,
F10,,,,,,,,,,,,,,,,,,,,,,,,,,,,,,,,,,,,,,,,,,,,,,,,
F11,,,,,,,,,,,,,,,,,,,,,,,,,,,,,,,,,,,,,,,,,,,,,,,,
F12,,,,,,,,,,,,,,,,,,,,,,,,,,,,,,,,,,,,,,,,,,,,,,,,
G1,,,,,,,,,,,,,,,,,,,,,,,,,,,,,,,,,,,,,,,,,,,,,,,,
G2,,,,,,,,,,,,,,,,,,,,,,,,,,,,,,,,,,,,,,,,,,,,,,,,
G3,,,,,,,,,,,,,,,,,,,,,,,,,,,,,,,,,,,,,,,,,,,,,,,,
G4,,,,,,,,,,,,,,,,,,,,,,,,,,,,,,,,,,,,,,,,,,,,,,,,
G5,,,,,,,,,,,,,,,,,,,,,,,,,,,,,,,,,,,,,,,,,,,,,,,,
G6,,,,,,,,,,,,,,,,,,,,,,,,,,,,,,,,,,,,,,,,,,,,,,,,
G7,,,,,,,,,,,,,,,,,,,,,,,,,,,,,,,,,,,,,,,,,,,,,,,,
G8,,,,,,,,,,,,,,,,,,,,,,,,,,,,,,,,,,,,,,,,,,,,,,,,
G9,,,,,,,,,,,,,,,,,,,,,,,,,,,,,,,,,,,,,,,,,,,,,,,,
G10,,,,,,,,,,,,,,,,,,,,,,,,,,,,,,,,,,,,,,,,,,,,,,,,
G11,,,,,,,,,,,,,,,,,,,,,,,,,,,,,,,,,,,,,,,,,,,,,,,,
G12,,,,,,,,,,,,,,,,,,,,,,,,,,,,,,,,,,,,,,,,,,,,,,,,
H1,,,,,,,,,,,,,,,,,,,,,,,,,,,,,,,,,,,,,,,,,,,,,,,,
H2,,,,,,,,,,,,,,,,,,,,,,,,,,,,,,,,,,,,,,,,,,,,,,,,
H3,,,,,,,,,,,,,,,,,,,,,,,,,,,,,,,,,,,,,,,,,,,,,,,,
H4,,,,,,,,,,,,,,,,,,,,,,,,,,,,,,,,,,,,,,,,,,,,,,,,
H5,,,,,,,,,,,,,,,,,,,,,,,,,,,,,,,,,,,,,,,,,,,,,,,,
H6,,,,,,,,,,,,,,,,,,,,,,,,,,,,,,,,,,,,,,,,,,,,,,,,
H7,,,,,,,,,,,,,,,,,,,,,,,,,,,,,,,,,,,,,,,,,,,,,,,,
H8,,,,,,,,,,,,,,,,,,,,,,,,,,,,,,,,,,,,,,,,,,,,,,,,
H9,,,,,,,,,,,,,,,,,,,,,,,,,,,,,,,,,,,,,,,,,,,,,,,,
H10,,,,,,,,,,,,,,,,,,,,,,,,,,,,,,,,,,,,,,,,,,,,,,,,
H11,,,,,,,,,,,,,,,,,,,,,,,,,,,,,,,,,,,,,,,,,,,,,,,,
H12,,,,,,,,,,,,,,,,,,,,,,,,,,,,,,,,,,,,,,,,,,,,,,,,
,,,,,,,,,,,,,,,,,,,,,,,,,,,,,,,,,,,,,,,,,,,,,,,,
GFP,,,,,,,,,,,,,,,,,,,,,,,,,,,,,,,,,,,,,,,,,,,,,,,,
Cycle Nr.,1,2,3,4,5,6,7,8,9,10,11,12,13,14,15,16,17,18,19,20,21,22,23,24,25,26,27,28,29,30,31,32,33,34,35,36,37,38,39,40,41,42,43,44,45,46,47,48
Time [s],0,1199.825,2399.782,3599.711,4799.604,5999.575,7199.459,8399.435,9599.3,10799.28,11999.2,13199.119,14399.03,15598.964,16798.858,17998.854,19198.742,20398.667,21598.593,22798.512,23998.423,25198.388,26398.262,27598.149,28798.094,29998.046,31197.998,32397.9,33597.846,34797.726,35997.684,37197.62,38397.498,39597.453,40797.362,41997.318,43197.228,44397.14,45597.088,46797.02,47996.94,49196.876,50396.776,51596.742,52796.618,53996.559,55196.5,56396.416
Temp. [°C],35.5,37,37,37,37,37,37,37,37.1,37,37.1,37,36.9,37,37,37,37,37,37,37,37,37,37,37,37,37,37,37,37,37,37,37,37,37,37,37,37,37,37,37,37,37,37,37,37,37,37,37
A1,,,,,,,,,,,,,,,,,,,,,,,,,,,,,,,,,,,,,,,,,,,,,,,,
A2,,,,,,,,,,,,,,,,,,,,,,,,,,,,,,,,,,,,,,,,,,,,,,,,
A3,,,,,,,,,,,,,,,,,,,,,,,,,,,,,,,,,,,,,,,,,,,,,,,,
A4,,,,,,,,,,,,,,,,,,,,,,,,,,,,,,,,,,,,,,,,,,,,,,,,
A5,,,,,,,,,,,,,,,,,,,,,,,,,,,,,,,,,,,,,,,,,,,,,,,,
A6,,,,,,,,,,,,,,,,,,,,,,,,,,,,,,,,,,,,,,,,,,,,,,,,
A7,,,,,,,,,,,,,,,,,,,,,,,,,,,,,,,,,,,,,,,,,,,,,,,,
A8,,,,,,,,,,,,,,,,,,,,,,,,,,,,,,,,,,,,,,,,,,,,,,,,
A9,,,,,,,,,,,,,,,,,,,,,,,,,,,,,,,,,,,,,,,,,,,,,,,,
A10,,,,,,,,,,,,,,,,,,,,,,,,,,,,,,,,,,,,,,,,,,,,,,,,
A11,,,,,,,,,,,,,,,,,,,,,,,,,,,,,,,,,,,,,,,,,,,,,,,,
A12,,,,,,,,,,,,,,,,,,,,,,,,,,,,,,,,,,,,,,,,,,,,,,,,
B1,,,,,,,,,,,,,,,,,,,,,,,,,,,,,,,,,,,,,,,,,,,,,,,,
B2,,,,,,,,,,,,,,,,,,,,,,,,,,,,,,,,,,,,,,,,,,,,,,,,
B3,,,,,,,,,,,,,,,,,,,,,,,,,,,,,,,,,,,,,,,,,,,,,,,,
B4,,,,,,,,,,,,,,,,,,,,,,,,,,,,,,,,,,,,,,,,,,,,,,,,
B5,,,,,,,,,,,,,,,,,,,,,,,,,,,,,,,,,,,,,,,,,,,,,,,,
B6,,,,,,,,,,,,,,,,,,,,,,,,,,,,,,,,,,,,,,,,,,,,,,,,
B7,,,,,,,,,,,,,,,,,,,,,,,,,,,,,,,,,,,,,,,,,,,,,,,,
B8,,,,,,,,,,,,,,,,,,,,,,,,,,,,,,,,,,,,,,,,,,,,,,,,
B9,,,,,,,,,,,,,,,,,,,,,,,,,,,,,,,,,,,,,,,,,,,,,,,,
B10,,,,,,,,,,,,,,,,,,,,,,,,,,,,,,,,,,,,,,,,,,,,,,,,
B11,,,,,,,,,,,,,,,,,,,,,,,,,,,,,,,,,,,,,,,,,,,,,,,,
B12,,,,,,,,,,,,,,,,,,,,,,,,,,,,,,,,,,,,,,,,,,,,,,,,
C1,7984,7922,8484,9127,9789,10537,11850,13248,15402,18433,22305,25989,29747,33747,37165,39666,41699,43589,45284,46356,46099,46762,47569,47777,48165,48204,48658,48932,49067,49616,50095,49865,50402,50853,50899,51261,51314,51439,52143,51962,52019,52094,52014,52504,52677,52404,52167,51579
C2,7791,7461,8054,8506,9067,9707,10602,11641,13339,15674,18677,22664,26330,30050,33679,36456,38490,40505,42332,43503,43451,44338,44613,45012,45532,45799,45896,45977,46467,46567,46726,47072,47570,47914,47933,48194,48238,48727,48859,48707,48710,48855,49418,49101,49032,49263,49207,49323
C3,7150,6820,7277,7570,7841,8352,9144,9784,11208,12623,14565,17194,20372,23605,26663,29216,31641,33825,35575,36853,37080,38284,38839,39389,39543,39884,40220,40216,40230,40501,40629,40920,41233,41581,41609,41651,41753,41707,42206,42093,42055,42369,42279,42316,42573,42411,42296,42362
C4,7076,6715,7000,7280,7539,8062,8637,9166,10240,11461,12745,14399,16239,18358,21156,23673,25904,27843,29656,31018,31300,32306,33046,33475,34051,34391,34975,35238,35489,35495,35635,36062,36261,36620,36831,36988,36979,37305,37327,37738,37504,37796,38007,37986,38209,38276,38188,38288
C5,6931,6584,6880,7000,7402,7701,8148,8851,9596,10695,12339,13775,15384,16723,17530,18398,19188,19815,20545,21416,21492,21993,22557,22949,23257,23655,23940,24217,24596,24775,25260,25339,25681,25924,26568,26574,26608,27047,27371,27509,27791,28045,28452,28697,28803,28681,29102,29407
C6,6592,6190,6316,6579,6601,6991,7226,7794,8604,9509,10852,12406,14284,16200,18129,19633,21144,22622,23549,24287,24227,24979,25471,25907,26315,26748,27170,27760,28305,28754,29142,29455,29946,30348,30663,30855,31384,31549,31955,32335,32392,32919,32946,33257,33355,33801,33931,33981
C7,,,,,,,,,,,,,,,,,,,,,,,,,,,,,,,,,,,,,,,,,,,,,,,,
C8,,,,,,,,,,,,,,,,,,,,,,,,,,,,,,,,,,,,,,,,,,,,,,,,
C9,,,,,,,,,,,,,,,,,,,,,,,,,,,,,,,,,,,,,,,,,,,,,,,,
C10,,,,,,,,,,,,,,,,,,,,,,,,,,,,,,,,,,,,,,,,,,,,,,,,
C11,,,,,,,,,,,,,,,,,,,,,,,,,,,,,,,,,,,,,,,,,,,,,,,,
C12,6562,6183,6278,6201,6146,6181,6219,6183,6206,6142,6175,6078,6141,6088,6062,6137,6199,6124,6079,6075,5880,5957,5993,5997,6030,5933,5820,5873,5960,5856,5901,5917,5848,5925,5913,5839,5814,5814,5862,5889,5940,5868,5845,5803,5787,5876,5787,5773
D1,7116,6833,7033,7244,7562,7977,8453,9071,10106,11003,12821,15000,18157,22348,26132,30509,34089,37361,39974,41954,42610,44032,45155,45745,46414,46735,46918,47302,47474,47939,48307,48486,48441,49285,49184,49522,49506,49654,49901,50217,50346,50293,50109,50580,50452,50162,50350,50630
D2,6985,6853,6875,6950,7421,7589,8216,8546,9444,10335,11721,13597,15953,19276,22509,26307,29681,32667,34852,37000,37793,38926,39866,40745,41630,41864,42060,42327,42716,43032,43020,43191,43433,43679,44544,44037,44393,44595,44934,44846,45117,44947,45124,45254,45037,44948,45107,45384
D3,6901,6629,6673,6828,7088,7385,7641,7981,8777,9585,10691,12018,13805,16032,18575,21696,25278,27902,30276,32146,32926,34628,35865,36755,37705,38373,38818,39047,39315,39772,39947,40133,40416,40721,41159,41089,41245,41625,41557,41974,41807,41778,41891,42046,42058,42488,42423,42241
D4,6858,6477,6518,6688,6856,6992,7318,7734,8145,8816,9766,10951,12233,14090,15248,16764,18788,21086,23301,24734,25475,26692,27914,28677,29611,30238,30594,31261,31857,32105,32383,32923,32914,33204,33818,33847,34145,34557,34730,34933,35064,35131,35570,35562,35700,35739,35784,36198
D5,6757,6422,6406,6533,6734,6951,7028,7405,7746,8213,9061,10066,11526,13070,14800,16557,18349,19659,20461,21033,21164,21497,21546,22013,22199,22453,22627,22924,23006,23309,23242,23782,23597,23894,24239,24326,24556,24897,25056,24918,25208,25154,25613,25413,25648,25793,25909,26243
D6,6785,6365,6446,6497,6643,6720,7040,7227,7657,8089,8722,9553,10855,12580,14389,16348,18231,19858,21373,23029,23503,24166,24944,25078,25892,26388,26735,27259,27635,28234,28635,29166,29422,29772,30399,30636,31007,31379,31847,32120,32321,32786,33180,33392,33499,33794,34380,34277
D7,,,,,,,,,,,,,,,,,,,,,,,,,,,,,,,,,,,,,,,,,,,,,,,,
D8,,,,,,,,,,,,,,,,,,,,,,,,,,,,,,,,,,,,,,,,,,,,,,,,
D9,,,,,,,,,,,,,,,,,,,,,,,,,,,,,,,,,,,,,,,,,,,,,,,,
D10,,,,,,,,,,,,,,,,,,,,,,,,,,,,,,,,,,,,,,,,,,,,,,,,
D11,,,,,,,,,,,,,,,,,,,,,,,,,,,,,,,,,,,,,,,,,,,,,,,,
D12,6729,6344,6306,6270,6268,6229,6217,6147,6311,6157,6166,6150,6057,6148,6108,6089,6121,6108,6218,6101,5940,5992,5925,5957,5900,6004,5976,6004,5911,5963,5897,5918,5954,5877,5853,5909,5894,5916,5872,5980,5888,5817,5906,5842,5835,5881,5860,5849
E1,6722,6404,6464,6632,6652,6792,7080,7434,7890,8510,9216,10185,11553,13621,16286,19757,23408,28014,31682,35219,37137,39095,40973,42176,43734,44401,45256,45333,45795,46159,46175,46504,46887,46968,47288,47464,47750,48025,48166,48044,48008,48171,48394,48433,47716,48432,48475,48267
E2,6854,6407,6534,6617,6686,6741,7126,7376,7766,8337,8986,10027,11115,12837,15039,17621,21083,24755,28392,31278,33448,34953,36745,38375,39600,40044,41064,41392,41642,42127,42277,42617,42953,42719,43115,43197,43685,44051,43863,43977,43954,44176,44092,44335,44270,44234,44594,44774
E3,6728,6383,6382,6350,6526,6637,6845,7025,7542,7844,8441,9211,10297,11627,13376,15318,17356,20440,23491,25964,27439,29189,31090,32586,33859,34770,35602,36357,36758,37304,37522,37943,38256,38273,38670,38974,38946,39286,39359,39481,39386,39777,39865,40046,40228,39953,40036,40599
E4,6692,6517,6376,6387,6497,6617,6759,6958,7240,7461,7880,8667,9351,10588,12290,13890,15432,17072,18318,19687,20933,21933,23262,24087,25301,26065,26788,27473,28077,28548,29152,29393,29698,30135,30633,30953,31174,31341,31556,32015,31831,32057,32175,32474,32744,32801,32903,33170
E5,6637,6313,6153,6304,6282,6425,6607,6734,6952,7305,7594,8088,8758,9539,11012,12393,14250,16074,18137,19782,21013,22235,23624,24467,25089,25460,25936,26178,26820,27010,27441,27741,28305,28668,29318,29473,29677,29941,30173,30550,30856,31267,31561,31860,31914,32530,32560,32827
E6,6798,6380,6364,6350,6429,6510,6641,6740,6882,7289,7616,7870,8529,9404,10747,12047,13940,15735,17763,19759,20835,22141,23629,24380,24577,25421,25767,26165,26735,27137,27702,27864,28251,28842,29181,29255,30110,30314,30866,30961,31559,31644,31996,32340,32426,32803,33166,33421
E7,,,,,,,,,,,,,,,,,,,,,,,,,,,,,,,,,,,,,,,,,,,,,,,,
E8,,,,,,,,,,,,,,,,,,,,,,,,,,,,,,,,,,,,,,,,,,,,,,,,
E9,,,,,,,,,,,,,,,,,,,,,,,,,,,,,,,,,,,,,,,,,,,,,,,,
E10,,,,,,,,,,,,,,,,,,,,,,,,,,,,,,,,,,,,,,,,,,,,,,,,
E11,,,,,,,,,,,,,,,,,,,,,,,,,,,,,,,,,,,,,,,,,,,,,,,,
E12,6756,6438,6418,6448,6428,6292,6382,6332,6296,6327,6387,6342,6316,6297,6361,6310,6262,6283,6319,6260,6139,6159,6163,6223,6257,6381,6448,6682,6734,7086,7379,7869,8515,9434,10680,11979,13505,15103,16778,18136,19527,20957,21837,22647,23364,23869,24303,24931
F1,,,,,,,,,,,,,,,,,,,,,,,,,,,,,,,,,,,,,,,,,,,,,,,,
F2,,,,,,,,,,,,,,,,,,,,,,,,,,,,,,,,,,,,,,,,,,,,,,,,
F3,,,,,,,,,,,,,,,,,,,,,,,,,,,,,,,,,,,,,,,,,,,,,,,,
F4,,,,,,,,,,,,,,,,,,,,,,,,,,,,,,,,,,,,,,,,,,,,,,,,
F5,,,,,,,,,,,,,,,,,,,,,,,,,,,,,,,,,,,,,,,,,,,,,,,,
F6,,,,,,,,,,,,,,,,,,,,,,,,,,,,,,,,,,,,,,,,,,,,,,,,
F7,,,,,,,,,,,,,,,,,,,,,,,,,,,,,,,,,,,,,,,,,,,,,,,,
F8,,,,,,,,,,,,,,,,,,,,,,,,,,,,,,,,,,,,,,,,,,,,,,,,
F9,,,,,,,,,,,,,,,,,,,,,,,,,,,,,,,,,,,,,,,,,,,,,,,,
F10,,,,,,,,,,,,,,,,,,,,,,,,,,,,,,,,,,,,,,,,,,,,,,,,
F11,,,,,,,,,,,,,,,,,,,,,,,,,,,,,,,,,,,,,,,,,,,,,,,,
F12,,,,,,,,,,,,,,,,,,,,,,,,,,,,,,,,,,,,,,,,,,,,,,,,
G1,,,,,,,,,,,,,,,,,,,,,,,,,,,,,,,,,,,,,,,,,,,,,,,,
G2,,,,,,,,,,,,,,,,,,,,,,,,,,,,,,,,,,,,,,,,,,,,,,,,
G3,,,,,,,,,,,,,,,,,,,,,,,,,,,,,,,,,,,,,,,,,,,,,,,,
G4,,,,,,,,,,,,,,,,,,,,,,,,,,,,,,,,,,,,,,,,,,,,,,,,
G5,,,,,,,,,,,,,,,,,,,,,,,,,,,,,,,,,,,,,,,,,,,,,,,,
G6,,,,,,,,,,,,,,,,,,,,,,,,,,,,,,,,,,,,,,,,,,,,,,,,
G7,,,,,,,,,,,,,,,,,,,,,,,,,,,,,,,,,,,,,,,,,,,,,,,,
G8,,,,,,,,,,,,,,,,,,,,,,,,,,,,,,,,,,,,,,,,,,,,,,,,
G9,,,,,,,,,,,,,,,,,,,,,,,,,,,,,,,,,,,,,,,,,,,,,,,,
G10,,,,,,,,,,,,,,,,,,,,,,,,,,,,,,,,,,,,,,,,,,,,,,,,
G11,,,,,,,,,,,,,,,,,,,,,,,,,,,,,,,,,,,,,,,,,,,,,,,,
G12,,,,,,,,,,,,,,,,,,,,,,,,,,,,,,,,,,,,,,,,,,,,,,,,
H1,,,,,,,,,,,,,,,,,,,,,,,,,,,,,,,,,,,,,,,,,,,,,,,,
H2,,,,,,,,,,,,,,,,,,,,,,,,,,,,,,,,,,,,,,,,,,,,,,,,
H3,,,,,,,,,,,,,,,,,,,,,,,,,,,,,,,,,,,,,,,,,,,,,,,,
H4,,,,,,,,,,,,,,,,,,,,,,,,,,,,,,,,,,,,,,,,,,,,,,,,
H5,,,,,,,,,,,,,,,,,,,,,,,,,,,,,,,,,,,,,,,,,,,,,,,,
H6,,,,,,,,,,,,,,,,,,,,,,,,,,,,,,,,,,,,,,,,,,,,,,,,
H7,,,,,,,,,,,,,,,,,,,,,,,,,,,,,,,,,,,,,,,,,,,,,,,,
H8,,,,,,,,,,,,,,,,,,,,,,,,,,,,,,,,,,,,,,,,,,,,,,,,
H9,,,,,,,,,,,,,,,,,,,,,,,,,,,,,,,,,,,,,,,,,,,,,,,,
H10,,,,,,,,,,,,,,,,,,,,,,,,,,,,,,,,,,,,,,,,,,,,,,,,
H11,,,,,,,,,,,,,,,,,,,,,,,,,,,,,,,,,,,,,,,,,,,,,,,,
H12,,,,,,,,,,,,,,,,,,,,,,,,,,,,,,,,,,,,,,,,,,,,,,,,
,,,,,,,,,,,,,,,,,,,,,,,,,,,,,,,,,,,,,,,,,,,,,,,,
mCherry,,,,,,,,,,,,,,,,,,,,,,,,,,,,,,,,,,,,,,,,,,,,,,,,
Cycle Nr.,1,2,3,4,5,6,7,8,9,10,11,12,13,14,15,16,17,18,19,20,21,22,23,24,25,26,27,28,29,30,31,32,33,34,35,36,37,38,39,40,41,42,43,44,45,46,47,48
Time [s],0,1199.825,2399.782,3599.711,4799.604,5999.575,7199.459,8399.435,9599.3,10799.28,11999.2,13199.119,14399.03,15598.964,16798.858,17998.854,19198.742,20398.667,21598.593,22798.512,23998.423,25198.388,26398.262,27598.149,28798.094,29998.046,31197.998,32397.9,33597.846,34797.726,35997.684,37197.62,38397.498,39597.453,40797.362,41997.318,43197.228,44397.14,45597.088,46797.02,47996.94,49196.876,50396.776,51596.742,52796.618,53996.559,55196.5,56396.416
Temp. [°C],36.1,36.8,36.9,36.8,36.9,36.9,36.9,36.8,36.9,36.9,36.9,36.8,36.8,36.9,36.8,36.8,36.9,36.8,36.9,36.9,36.9,36.9,36.8,36.9,36.8,36.8,36.8,36.8,36.8,36.8,36.8,36.8,36.8,36.8,36.8,36.9,36.8,36.8,36.9,36.8,36.9,36.9,36.9,36.9,36.9,36.8,36.8,36.9
A1,,,,,,,,,,,,,,,,,,,,,,,,,,,,,,,,,,,,,,,,,,,,,,,,
A2,,,,,,,,,,,,,,,,,,,,,,,,,,,,,,,,,,,,,,,,,,,,,,,,
A3,,,,,,,,,,,,,,,,,,,,,,,,,,,,,,,,,,,,,,,,,,,,,,,,
A4,,,,,,,,,,,,,,,,,,,,,,,,,,,,,,,,,,,,,,,,,,,,,,,,
A5,,,,,,,,,,,,,,,,,,,,,,,,,,,,,,,,,,,,,,,,,,,,,,,,
A6,,,,,,,,,,,,,,,,,,,,,,,,,,,,,,,,,,,,,,,,,,,,,,,,
A7,,,,,,,,,,,,,,,,,,,,,,,,,,,,,,,,,,,,,,,,,,,,,,,,
A8,,,,,,,,,,,,,,,,,,,,,,,,,,,,,,,,,,,,,,,,,,,,,,,,
A9,,,,,,,,,,,,,,,,,,,,,,,,,,,,,,,,,,,,,,,,,,,,,,,,
A10,,,,,,,,,,,,,,,,,,,,,,,,,,,,,,,,,,,,,,,,,,,,,,,,
A11,,,,,,,,,,,,,,,,,,,,,,,,,,,,,,,,,,,,,,,,,,,,,,,,
A12,,,,,,,,,,,,,,,,,,,,,,,,,,,,,,,,,,,,,,,,,,,,,,,,
B1,,,,,,,,,,,,,,,,,,,,,,,,,,,,,,,,,,,,,,,,,,,,,,,,
B2,,,,,,,,,,,,,,,,,,,,,,,,,,,,,,,,,,,,,,,,,,,,,,,,
B3,,,,,,,,,,,,,,,,,,,,,,,,,,,,,,,,,,,,,,,,,,,,,,,,
B4,,,,,,,,,,,,,,,,,,,,,,,,,,,,,,,,,,,,,,,,,,,,,,,,
B5,,,,,,,,,,,,,,,,,,,,,,,,,,,,,,,,,,,,,,,,,,,,,,,,
B6,,,,,,,,,,,,,,,,,,,,,,,,,,,,,,,,,,,,,,,,,,,,,,,,
B7,,,,,,,,,,,,,,,,,,,,,,,,,,,,,,,,,,,,,,,,,,,,,,,,
B8,,,,,,,,,,,,,,,,,,,,,,,,,,,,,,,,,,,,,,,,,,,,,,,,
B9,,,,,,,,,,,,,,,,,,,,,,,,,,,,,,,,,,,,,,,,,,,,,,,,
B10,,,,,,,,,,,,,,,,,,,,,,,,,,,,,,,,,,,,,,,,,,,,,,,,
B11,,,,,,,,,,,,,,,,,,,,,,,,,,,,,,,,,,,,,,,,,,,,,,,,
B12,,,,,,,,,,,,,,,,,,,,,,,,,,,,,,,,,,,,,,,,,,,,,,,,
C1,1320,1421,1836,2450,3037,3706,4502,5817,7368,9179,11131,12135,12909,13666,13686,14292,14233,14840,14548,15049,14671,15080,15403,15021,15542,15414,15662,15581,15062,15294,15719,15684,15095,15367,15561,15723,15544,15889,15452,15662,15780,15919,15820,15961,15805,15902,16106,15411
C2,1110,1339,1567,1930,2476,3078,3712,4789,6126,7390,9236,10855,11913,12258,12790,13230,13780,13446,14231,14336,13984,14188,14483,14618,14461,14250,14554,14049,14257,14173,14298,14280,14518,14468,14782,14779,14528,14797,14900,14355,14630,14413,14531,14692,14571,14886,15075,14919
C3,1014,999,1103,1415,1868,2191,2693,3302,4199,4749,5715,7273,9025,9536,9867,10653,10993,11208,11404,11451,11269,11747,11818,11743,11597,12125,12303,12000,12147,11740,12049,12256,12173,12014,12107,12330,11862,12623,12066,12026,12017,12152,12630,12295,11855,12143,12084,12054
C4,891,1012,890,1257,1382,1590,1788,2157,2720,2976,3740,4315,5508,6309,7235,8205,8255,8910,8774,9296,9126,9606,9257,9666,9448,9615,9967,9683,9405,9709,9816,10037,9854,10136,10064,10040,9940,10176,9601,9951,9674,10033,9864,10361,9906,9910,9883,9932
C5,761,825,918,904,919,1035,1163,1459,1446,1688,1991,2216,2517,2553,2675,2922,3253,3301,3527,3515,3612,3618,3877,3883,3783,3861,3835,3845,3850,3998,4168,4120,4067,4074,4233,3908,4273,4383,4283,4420,4335,4505,4398,4448,4422,4510,4571,4751
C6,703,699,641,582,644,685,636,739,703,706,765,845,981,1168,1223,1396,1466,1437,1597,1538,1449,1434,1471,1398,1250,1266,1219,1209,1310,1201,1280,1227,1386,1227,1259,1243,1252,1104,1132,1127,1182,1170,1018,1228,1062,1062,1114,1193
C7,,,,,,,,,,,,,,,,,,,,,,,,,,,,,,,,,,,,,,,,,,,,,,,,
C8,,,,,,,,,,,,,,,,,,,,,,,,,,,,,,,,,,,,,,,,,,,,,,,,
C9,,,,,,,,,,,,,,,,,,,,,,,,,,,,,,,,,,,,,,,,,,,,,,,,
C10,,,,,,,,,,,,,,,,,,,,,,,,,,,,,,,,,,,,,,,,,,,,,,,,
C11,,,,,,,,,,,,,,,,,,,,,,,,,,,,,,,,,,,,,,,,,,,,,,,,
C12,769,741,885,712,709,672,726,670,673,723,735,680,719,762,857,651,693,734,712,700,803,669,657,718,709,607,620,636,678,819,738,696,711,730,687,756,705,805,735,777,688,763,750,801,747,725,743,706
D1,984,968,1179,1287,1484,1898,2508,2957,3793,4755,5636,7052,8991,10473,11587,12427,12784,13394,13851,14019,13861,14272,14236,14359,14961,14595,14413,14426,14750,14241,14575,14405,14537,14558,14678,14720,14790,14670,14953,14821,14886,14570,14549,14804,14824,15042,14993,15146
D2,947,957,968,1130,1603,1701,1990,2472,2971,3645,4410,5660,6892,8617,9736,10342,11046,11555,11756,12226,12375,12498,12348,12348,12495,13102,12912,12725,13149,13217,12688,12997,13252,13006,13241,12745,12809,12973,12818,13137,13022,12614,13183,13281,12925,13137,13148,13072
D3,900,864,944,1021,1238,1346,1519,2037,2443,2658,3369,3931,4999,6038,7195,8260,8838,9284,9808,10472,9935,10459,10752,10889,11201,11150,10898,11112,11849,11879,11428,11916,11755,11585,11659,11360,11771,11789,11821,11751,11831,11558,11591,11584,11308,11969,12093,12003
D4,776,736,853,833,1022,1109,1244,1360,1535,1912,2098,2852,3400,3583,4192,4999,5560,6282,6837,6870,7148,7129,7505,7746,7670,7910,8094,8091,7900,7719,8209,8054,8154,8448,8037,8497,8444,8785,8568,8290,8440,8696,8662,8375,8772,8409,8465,8581
D5,749,761,696,827,901,782,922,962,1086,1110,1350,1517,1790,1924,2043,2213,2276,2290,2210,2361,2290,2116,2263,2291,2355,2259,2379,2243,2175,2362,2278,2369,2346,2481,2355,2330,2238,2507,2224,2258,2500,2471,2368,2468,2455,2414,2495,2540
D6,778,776,675,738,705,708,666,686,762,802,793,766,871,815,938,1122,1224,1498,1456,1548,1541,1553,1575,1683,1565,1568,1631,1426,1483,1420,1394,1323,1405,1377,1303,1361,1312,1301,1211,1182,1215,1228,1169,1004,1352,1244,1157,1207
D7,,,,,,,,,,,,,,,,,,,,,,,,,,,,,,,,,,,,,,,,,,,,,,,,
D8,,,,,,,,,,,,,,,,,,,,,,,,,,,,,,,,,,,,,,,,,,,,,,,,
D9,,,,,,,,,,,,,,,,,,,,,,,,,,,,,,,,,,,,,,,,,,,,,,,,
D10,,,,,,,,,,,,,,,,,,,,,,,,,,,,,,,,,,,,,,,,,,,,,,,,
D11,,,,,,,,,,,,,,,,,,,,,,,,,,,,,,,,,,,,,,,,,,,,,,,,
D12,717,737,753,702,696,794,678,787,758,695,688,737,758,770,809,686,724,766,710,616,670,761,777,729,736,663,707,744,756,706,700,696,685,670,677,639,728,735,721,675,772,742,707,662,715,642,722,667
E1,778,807,812,967,977,1064,1404,1738,2034,2382,3056,3810,4852,6395,7482,9046,10263,11054,11939,12285,12374,12483,12902,13122,13617,13222,13557,13809,13920,13570,14348,13872,13661,13706,14034,14153,14320,14233,14012,14375,14550,14411,14156,13959,14397,14283,14264,14328
E2,863,769,822,837,1013,1088,1355,1574,1785,2209,2713,3429,4006,5057,6173,7713,8681,9303,10199,10729,10925,11344,11572,11887,11742,11883,12351,12503,12812,12555,12195,12465,12660,12705,12318,12529,12123,12724,12960,12952,12833,13302,13164,12586,12856,12816,12578,12789
E3,852,771,733,827,994,1017,1089,1292,1494,1723,2056,2508,3062,3558,4133,5085,6208,7118,8175,8429,8782,9056,9307,9805,9752,9754,10155,10247,10292,10801,10834,10549,10655,10934,10888,10571,10653,11115,11225,11159,10784,10796,10973,10994,10829,10906,11234,11068
E4,765,774,834,884,775,798,879,969,1137,1262,1440,1673,1828,2438,2589,3188,3362,3790,4344,4773,5090,5862,5985,6062,6116,6443,6471,6501,6635,6820,6715,6942,6804,6946,7216,7007,7012,7431,7067,7307,7177,7357,7342,7532,7460,7346,7194,7270
E5,771,716,834,802,740,835,764,829,762,842,982,1176,1144,1474,1512,1588,1688,1978,1984,2004,2259,2195,2390,2426,2485,2487,2181,2482,2334,2246,2096,2053,2096,2245,2109,2030,2198,2105,2242,2172,2027,2172,1993,1963,2080,1965,2168,1992
E6,706,744,769,686,622,704,697,660,801,664,708,717,774,747,916,858,935,1084,1219,1335,1429,1404,1561,1469,1697,1692,1570,1522,1560,1506,1422,1470,1403,1481,1523,1408,1426,1290,1302,1284,1307,1381,1407,1377,1215,1293,1219,1303
E7,,,,,,,,,,,,,,,,,,,,,,,,,,,,,,,,,,,,,,,,,,,,,,,,
E8,,,,,,,,,,,,,,,,,,,,,,,,,,,,,,,,,,,,,,,,,,,,,,,,
E9,,,,,,,,,,,,,,,,,,,,,,,,,,,,,,,,,,,,,,,,,,,,,,,,
E10,,,,,,,,,,,,,,,,,,,,,,,,,,,,,,,,,,,,,,,,,,,,,,,,
E11,,,,,,,,,,,,,,,,,,,,,,,,,,,,,,,,,,,,,,,,,,,,,,,,
E12,789,791,740,787,822,762,717,809,757,670,759,797,745,774,707,728,681,818,821,722,660,718,711,828,757,798,720,847,770,800,923,905,958,974,1157,1220,1239,1328,1593,1571,1744,1735,1803,1854,1922,1896,1801,1818
F1,,,,,,,,,,,,,,,,,,,,,,,,,,,,,,,,,,,,,,,,,,,,,,,,
F2,,,,,,,,,,,,,,,,,,,,,,,,,,,,,,,,,,,,,,,,,,,,,,,,
F3,,,,,,,,,,,,,,,,,,,,,,,,,,,,,,,,,,,,,,,,,,,,,,,,
F4,,,,,,,,,,,,,,,,,,,,,,,,,,,,,,,,,,,,,,,,,,,,,,,,
F5,,,,,,,,,,,,,,,,,,,,,,,,,,,,,,,,,,,,,,,,,,,,,,,,
F6,,,,,,,,,,,,,,,,,,,,,,,,,,,,,,,,,,,,,,,,,,,,,,,,
F7,,,,,,,,,,,,,,,,,,,,,,,,,,,,,,,,,,,,,,,,,,,,,,,,
F8,,,,,,,,,,,,,,,,,,,,,,,,,,,,,,,,,,,,,,,,,,,,,,,,
F9,,,,,,,,,,,,,,,,,,,,,,,,,,,,,,,,,,,,,,,,,,,,,,,,
F10,,,,,,,,,,,,,,,,,,,,,,,,,,,,,,,,,,,,,,,,,,,,,,,,
F11,,,,,,,,,,,,,,,,,,,,,,,,,,,,,,,,,,,,,,,,,,,,,,,,
F12,,,,,,,,,,,,,,,,,,,,,,,,,,,,,,,,,,,,,,,,,,,,,,,,
G1,,,,,,,,,,,,,,,,,,,,,,,,,,,,,,,,,,,,,,,,,,,,,,,,
G2,,,,,,,,,,,,,,,,,,,,,,,,,,,,,,,,,,,,,,,,,,,,,,,,
G3,,,,,,,,,,,,,,,,,,,,,,,,,,,,,,,,,,,,,,,,,,,,,,,,
G4,,,,,,,,,,,,,,,,,,,,,,,,,,,,,,,,,,,,,,,,,,,,,,,,
G5,,,,,,,,,,,,,,,,,,,,,,,,,,,,,,,,,,,,,,,,,,,,,,,,
G6,,,,,,,,,,,,,,,,,,,,,,,,,,,,,,,,,,,,,,,,,,,,,,,,
G7,,,,,,,,,,,,,,,,,,,,,,,,,,,,,,,,,,,,,,,,,,,,,,,,
G8,,,,,,,,,,,,,,,,,,,,,,,,,,,,,,,,,,,,,,,,,,,,,,,,
G9,,,,,,,,,,,,,,,,,,,,,,,,,,,,,,,,,,,,,,,,,,,,,,,,
G10,,,,,,,,,,,,,,,,,,,,,,,,,,,,,,,,,,,,,,,,,,,,,,,,
G11,,,,,,,,,,,,,,,,,,,,,,,,,,,,,,,,,,,,,,,,,,,,,,,,
G12,,,,,,,,,,,,,,,,,,,,,,,,,,,,,,,,,,,,,,,,,,,,,,,,
H1,,,,,,,,,,,,,,,,,,,,,,,,,,,,,,,,,,,,,,,,,,,,,,,,
H2,,,,,,,,,,,,,,,,,,,,,,,,,,,,,,,,,,,,,,,,,,,,,,,,
H3,,,,,,,,,,,,,,,,,,,,,,,,,,,,,,,,,,,,,,,,,,,,,,,,
H4,,,,,,,,,,,,,,,,,,,,,,,,,,,,,,,,,,,,,,,,,,,,,,,,
H5,,,,,,,,,,,,,,,,,,,,,,,,,,,,,,,,,,,,,,,,,,,,,,,,
H6,,,,,,,,,,,,,,,,,,,,,,,,,,,,,,,,,,,,,,,,,,,,,,,,
H7,,,,,,,,,,,,,,,,,,,,,,,,,,,,,,,,,,,,,,,,,,,,,,,,
H8,,,,,,,,,,,,,,,,,,,,,,,,,,,,,,,,,,,,,,,,,,,,,,,,
H9,,,,,,,,,,,,,,,,,,,,,,,,,,,,,,,,,,,,,,,,,,,,,,,,
H10,,,,,,,,,,,,,,,,,,,,,,,,,,,,,,,,,,,,,,,,,,,,,,,,
H11,,,,,,,,,,,,,,,,,,,,,,,,,,,,,,,,,,,,,,,,,,,,,,,,
H12,,,,,,,,,,,,,,,,,,,,,,,,,,,,,,,,,,,,,,,,,,,,,,,,
,,,,,,,,,,,,,,,,,,,,,,,,,,,,,,,,,,,,,,,,,,,,,,,,
End Time,,,,28/02/2020 09:11,,,,,,,,,,,,,,,,,,,,,,,,,,,,,,,,,,,,,,,,,,,,
