Method name: x,,,,,,
Application: SparkControl,,,,V2.3,,
Device: Spark,,,,Serial number: x,,
Firmware:,,,,LUM:V5.2.3|ABS:V4.3.2|ABS_MEX:V5.0.7|MTP:V13.1.5|FLUOR:V5.1.3|FLUOR_BOTTOM:V5.0.2|FLUOR_MEM:V5.0.7|FLUOR_MEX:V5.0.7,,
,,,,,,
Date:,,,,19/12/2019,,
Time:,,,,3:20 PM,,
System,,,,x,,
User,,,,x\x,,
Plate,,,,[GRE96ft] - Greiner 96 Flat Transparent Cat. No.: 655101/655161/655192,,
Lid lifter,,,,No lid,,
Humidity Cassette,,,,No humidity cassette,,
Smooth mode,,,,Not selected,,
,,,,,,
List of actions in this measurement script:,,,,,,
Plate,,,,,,
,Absorbance,,,,,OD600
,Absorbance,,,,,OD700
,Fluorescence Top Reading,,,,,GFP 40
,Fluorescence Top Reading,,,,,GFP 50
,Fluorescence Top Reading,,,,,GFP 60
,Fluorescence Top Reading,,,,,GFP 70
,Fluorescence Top Reading,,,,,GFP 80
,Fluorescence Top Reading,,,,,GFP 90
,Fluorescence Top Reading,,,,,GFP 100
,Fluorescence Top Reading,,,,,GFP 110
,Fluorescence Top Reading,,,,,GFP 120
,,,,,,
Name,,,,GRE96ft,,
Plate layout,,,,,,
Plate area,,,,A1-H12,,
,,,,,,
Mode,Absorbance,,,,,
Name,OD600,,,,,
Measurement wavelength,,,,600,nm,
Number of flashes,,,,10,,
Settle time,,,,50,ms,
Part of Plate,,,,A1-H12,,
,,,,,,
Start Time,,,,19/12/2019 15:07,,
Temperature,,,,28.5,°C,
,,,,,,
<>,Value,Time [ms],,,,
A1,0.0921,0,,,,
A2,0.0942,204,,,,
A3,0.1015,408,,,,
A4,0.0985,612,,,,
A5,0.0957,816,,,,
A6,0.1027,1020,,,,
A7,0.0984,1224,,,,
A8,0.0966,1428,,,,
A9,0.1007,1632,,,,
A10,0.0998,1836,,,,
A11,0.1058,2040,,,,
A12,0.1086,2244,,,,
B1,0.0905,4702,,,,
B2,0.0911,4498,,,,
B3,0.09,4294,,,,
B4,0.0932,4090,,,,
B5,0.0923,3886,,,,
B6,0.0939,3682,,,,
B7,0.1007,3478,,,,
B8,0.0957,3274,,,,
B9,0.0957,3070,,,,
B10,0.1103,2866,,,,
B11,0.1093,2662,,,,
B12,0.1027,2458,,,,
C1,0.1468,4918,,,,
C2,0.1016,5122,,,,
C3,0.0897,5326,,,,
C4,0.0966,5530,,,,
C5,0.1054,5734,,,,
C6,0.0995,5938,,,,
C7,0.0997,6142,,,,
C8,0.1003,6346,,,,
C9,0.097,6550,,,,
C10,0.0995,6754,,,,
C11,0.1004,6958,,,,
C12,0.1063,7162,,,,
D1,0.0883,9621,,,,
D2,0.0919,9417,,,,
D3,0.0928,9213,,,,
D4,0.0968,9009,,,,
D5,0.1003,8805,,,,
D6,0.0963,8601,,,,
D7,0.0949,8397,,,,
D8,0.0963,8193,,,,
D9,0.0984,7989,,,,
D10,0.0992,7785,,,,
D11,0.1098,7581,,,,
D12,0.1049,7377,,,,
E1,0.9082,9836,,,,
E2,0.5497,10041,,,,
E3,0.445,10245,,,,
E4,0.2943,10449,,,,
E5,0.1999,10653,,,,
E6,0.161,10857,,,,
E7,0.1362,11061,,,,
E8,0.1239,11265,,,,
E9,0.1167,11469,,,,
E10,0.1052,11673,,,,
E11,0.1017,11877,,,,
E12,0.1007,12081,,,,
F1,0.8487,14540,,,,
F2,0.5781,14336,,,,
F3,0.3934,14132,,,,
F4,0.2767,13928,,,,
F5,0.2097,13724,,,,
F6,0.1654,13520,,,,
F7,0.1362,13316,,,,
F8,0.1315,13112,,,,
F9,0.1113,12908,,,,
F10,0.1076,12704,,,,
F11,0.0997,12500,,,,
F12,0.1036,12295,,,,
G1,0.8686,14755,,,,
G2,0.5947,14959,,,,
G3,0.3973,15163,,,,
G4,0.2801,15367,,,,
G5,0.2072,15571,,,,
G6,0.1572,15775,,,,
G7,0.1364,15979,,,,
G8,0.1215,16183,,,,
G9,0.1137,16387,,,,
G10,0.1002,16591,,,,
G11,0.1013,16795,,,,
G12,0.0994,16999,,,,
H1,0.8752,19459,,,,
H2,0.5622,19255,,,,
H3,0.3919,19051,,,,
H4,0.2847,18847,,,,
H5,0.2058,18643,,,,
H6,0.1632,18439,,,,
H7,0.1349,18235,,,,
H8,0.1323,18031,,,,
H9,0.12,17827,,,,
H10,0.1097,17623,,,,
H11,0.105,17419,,,,
H12,0.1005,17215,,,,
,,,,,,
,,,,,,
End Time,,,,19/12/2019 15:08,,
,,,,,,
Mode,Absorbance,,,,,
Name,OD700,,,,,
Measurement wavelength,,,,700,nm,
Number of flashes,,,,10,,
Settle time,,,,50,ms,
Part of Plate,,,,A1-H12,,
,,,,,,
Start Time,,,,19/12/2019 15:08,,
Temperature,,,,28.6,°C,
,,,,,,
<>,Value,Time [ms],,,,
A1,0.0831,0,,,,
A2,0.0852,204,,,,
A3,0.0928,408,,,,
A4,0.0899,612,,,,
A5,0.0905,816,,,,
A6,0.0965,1020,,,,
A7,0.0918,1224,,,,
A8,0.0949,1428,,,,
A9,0.0955,1632,,,,
A10,0.0953,1836,,,,
A11,0.1008,2040,,,,
A12,0.102,2244,,,,
B1,0.084,4704,,,,
B2,0.0854,4500,,,,
B3,0.0838,4296,,,,
B4,0.0889,4092,,,,
B5,0.0874,3888,,,,
B6,0.0892,3684,,,,
B7,0.0946,3480,,,,
B8,0.0908,3276,,,,
B9,0.0952,3072,,,,
B10,0.1055,2868,,,,
B11,0.1044,2663,,,,
B12,0.0982,2459,,,,
C1,0.1185,4919,,,,
C2,0.1176,5124,,,,
C3,0.0877,5328,,,,
C4,0.089,5532,,,,
C5,0.0991,5736,,,,
C6,0.0941,5940,,,,
C7,0.0959,6144,,,,
C8,0.0948,6348,,,,
C9,0.0913,6552,,,,
C10,0.0942,6756,,,,
C11,0.096,6960,,,,
C12,0.1,7164,,,,
D1,0.0834,9623,,,,
D2,0.0871,9419,,,,
D3,0.0866,9215,,,,
D4,0.0925,9011,,,,
D5,0.0947,8807,,,,
D6,0.091,8603,,,,
D7,0.0898,8399,,,,
D8,0.0912,8195,,,,
D9,0.0927,7991,,,,
D10,0.0936,7787,,,,
D11,0.1048,7583,,,,
D12,0.0997,7379,,,,
E1,0.772,9839,,,,
E2,0.4572,10044,,,,
E3,0.3738,10248,,,,
E4,0.2496,10452,,,,
E5,0.1722,10656,,,,
E6,0.1421,10860,,,,
E7,0.1224,11064,,,,
E8,0.1139,11268,,,,
E9,0.1084,11472,,,,
E10,0.0983,11676,,,,
E11,0.0957,11880,,,,
E12,0.0959,12084,,,,
F1,0.7162,14544,,,,
F2,0.4821,14340,,,,
F3,0.3286,14136,,,,
F4,0.2339,13932,,,,
F5,0.1817,13728,,,,
F6,0.1462,13524,,,,
F7,0.1241,13320,,,,
F8,0.1214,13116,,,,
F9,0.1027,12912,,,,
F10,0.1001,12708,,,,
F11,0.0934,12503,,,,
F12,0.0994,12298,,,,
G1,0.7304,14759,,,,
G2,0.4927,14963,,,,
G3,0.3322,15167,,,,
G4,0.2385,15371,,,,
G5,0.1792,15575,,,,
G6,0.1383,15779,,,,
G7,0.123,15983,,,,
G8,0.1119,16187,,,,
G9,0.1059,16391,,,,
G10,0.0939,16595,,,,
G11,0.0953,16799,,,,
G12,0.0942,17003,,,,
H1,0.7372,19462,,,,
H2,0.4682,19258,,,,
H3,0.3268,19054,,,,
H4,0.2423,18850,,,,
H5,0.1776,18646,,,,
H6,0.1441,18442,,,,
H7,0.1214,18238,,,,
H8,0.1216,18034,,,,
H9,0.1121,17830,,,,
H10,0.1031,17626,,,,
H11,0.0985,17422,,,,
H12,0.0953,17218,,,,
,,,,,,
,,,,,,
End Time,,,,19/12/2019 15:08,,
,,,,,,
Mode,Fluorescence Top Reading,,,,,
Name,GFP 40,,,,,
Excitation,,,,Monochromator,,
Excitation wavelength,,,,488,nm,
Excitation bandwidth,,,,20,nm,
Emission,,,,Monochromator,,
Emission wavelength,,,,530,nm,
Emission bandwidth,,,,20,nm,
Gain,,,,40,Manual,
Mirror,,,,Automatic (Dichroic 510),,
Number of flashes,,,,30,,
Integration time,,,,40,µs,
Lag time,,,,0,µs,
Settle time,,,,0,ms,
Z-Position,,,,20000,µm,
Z-Position mode,,,,Manual,,
Part of Plate,,,,A1-H12,,
,,,,,,
Start Time,,,,19/12/2019 15:08,,
Temperature,,,,28.6,°C,
,,,,,,
<>,Value,Time [ms],,,,
A1,1830,0,,,,
A2,932,777,,,,
A3,453,1445,,,,
A4,232,2113,,,,
A5,114,2781,,,,
A6,54,3449,,,,
A7,27,4117,,,,
A8,14,4785,,,,
A9,7,5453,,,,
A10,3,6121,,,,
A11,2,6789,,,,
A12,0,7456,,,,
B1,2170,15488,,,,
B2,928,14820,,,,
B3,468,14152,,,,
B4,231,13484,,,,
B5,112,12817,,,,
B6,56,12149,,,,
B7,27,11481,,,,
B8,13,10812,,,,
B9,7,10144,,,,
B10,4,9476,,,,
B11,2,8808,,,,
B12,0,8141,,,,
C1,1671,16172,,,,
C2,936,16840,,,,
C3,487,17507,,,,
C4,250,18174,,,,
C5,124,18842,,,,
C6,61,19509,,,,
C7,32,20176,,,,
C8,16,20844,,,,
C9,9,21512,,,,
C10,5,22180,,,,
C11,2,22848,,,,
C12,0,23515,,,,
D1,1901,31547,,,,
D2,944,30878,,,,
D3,470,30210,,,,
D4,219,29542,,,,
D5,115,28875,,,,
D6,56,28207,,,,
D7,27,27539,,,,
D8,14,26871,,,,
D9,7,26203,,,,
D10,3,25536,,,,
D11,2,24868,,,,
D12,0,24200,,,,
E1,0,32232,,,,
E2,0,32900,,,,
E3,0,33568,,,,
E4,0,34235,,,,
E5,0,34903,,,,
E6,0,35571,,,,
E7,1,36238,,,,
E8,0,36906,,,,
E9,0,37574,,,,
E10,0,38242,,,,
E11,0,38910,,,,
E12,0,39578,,,,
F1,0,47610,,,,
F2,1,46942,,,,
F3,0,46274,,,,
F4,0,45606,,,,
F5,0,44938,,,,
F6,0,44270,,,,
F7,0,43603,,,,
F8,0,42935,,,,
F9,0,42267,,,,
F10,0,41600,,,,
F11,0,40932,,,,
F12,0,40264,,,,
G1,0,48293,,,,
G2,0,48960,,,,
G3,0,49627,,,,
G4,0,50296,,,,
G5,0,50964,,,,
G6,0,51632,,,,
G7,0,52299,,,,
G8,0,52967,,,,
G9,0,53635,,,,
G10,1,54303,,,,
G11,0,54971,,,,
G12,0,55639,,,,
H1,0,63669,,,,
H2,0,63002,,,,
H3,1,62334,,,,
H4,0,61666,,,,
H5,0,60998,,,,
H6,0,60329,,,,
H7,0,59662,,,,
H8,0,58994,,,,
H9,1,58326,,,,
H10,0,57659,,,,
H11,0,56991,,,,
H12,0,56323,,,,
,,,,,,
,,,,,,
End Time,,,,19/12/2019 15:10,,
,,,,,,
Mode,Fluorescence Top Reading,,,,,
Name,GFP 50,,,,,
Excitation,,,,Monochromator,,
Excitation wavelength,,,,488,nm,
Excitation bandwidth,,,,20,nm,
Emission,,,,Monochromator,,
Emission wavelength,,,,530,nm,
Emission bandwidth,,,,20,nm,
Gain,,,,50,Manual,
Mirror,,,,Automatic (Dichroic 510),,
Number of flashes,,,,30,,
Integration time,,,,40,µs,
Lag time,,,,0,µs,
Settle time,,,,0,ms,
Z-Position,,,,20000,µm,
Z-Position mode,,,,Manual,,
Part of Plate,,,,A1-H12,,
,,,,,,
Start Time,,,,19/12/2019 15:10,,
Temperature,,,,28.5,°C,
,,,,,,
<>,Value,Time [ms],,,,
A1,9811,0,,,,
A2,4993,778,,,,
A3,2434,1445,,,,
A4,1253,2113,,,,
A5,617,2780,,,,
A6,294,3448,,,,
A7,149,4116,,,,
A8,76,4784,,,,
A9,39,5452,,,,
A10,19,6120,,,,
A11,11,6787,,,,
A12,2,7455,,,,
B1,11542,15488,,,,
B2,4936,14820,,,,
B3,2522,14152,,,,
B4,1247,13485,,,,
B5,597,12816,,,,
B6,299,12148,,,,
B7,150,11480,,,,
B8,73,10812,,,,
B9,38,10144,,,,
B10,19,9476,,,,
B11,10,8808,,,,
B12,2,8140,,,,
C1,8769,16173,,,,
C2,4985,16841,,,,
C3,2619,17508,,,,
C4,1330,18176,,,,
C5,664,18844,,,,
C6,333,19515,,,,
C7,174,20183,,,,
C8,87,20850,,,,
C9,47,21517,,,,
C10,24,22185,,,,
C11,13,22853,,,,
C12,2,23521,,,,
D1,9994,31553,,,,
D2,4965,30885,,,,
D3,2486,30217,,,,
D4,1156,29549,,,,
D5,614,28881,,,,
D6,298,28213,,,,
D7,146,27545,,,,
D8,74,26877,,,,
D9,37,26210,,,,
D10,19,25542,,,,
D11,10,24874,,,,
D12,2,24206,,,,
E1,2,32237,,,,
E2,2,32906,,,,
E3,2,33573,,,,
E4,2,34241,,,,
E5,2,34910,,,,
E6,2,35578,,,,
E7,2,36246,,,,
E8,2,36913,,,,
E9,2,37581,,,,
E10,2,38249,,,,
E11,2,38916,,,,
E12,2,39583,,,,
F1,2,47614,,,,
F2,2,46946,,,,
F3,2,46278,,,,
F4,2,45610,,,,
F5,2,44942,,,,
F6,2,44274,,,,
F7,2,43606,,,,
F8,2,42938,,,,
F9,2,42271,,,,
F10,2,41603,,,,
F11,2,40935,,,,
F12,2,40267,,,,
G1,2,48298,,,,
G2,2,48965,,,,
G3,2,49632,,,,
G4,2,50300,,,,
G5,2,50968,,,,
G6,1,51636,,,,
G7,2,52304,,,,
G8,1,52971,,,,
G9,2,53639,,,,
G10,2,54307,,,,
G11,2,54976,,,,
G12,2,55644,,,,
H1,2,63674,,,,
H2,2,63007,,,,
H3,2,62339,,,,
H4,2,61671,,,,
H5,2,61003,,,,
H6,2,60335,,,,
H7,2,59667,,,,
H8,2,58999,,,,
H9,2,58331,,,,
H10,2,57663,,,,
H11,2,56995,,,,
H12,2,56328,,,,
,,,,,,
,,,,,,
End Time,,,,19/12/2019 15:11,,
,,,,,,
Mode,Fluorescence Top Reading,,,,,
Name,GFP 60,,,,,
Excitation,,,,Monochromator,,
Excitation wavelength,,,,488,nm,
Excitation bandwidth,,,,20,nm,
Emission,,,,Monochromator,,
Emission wavelength,,,,530,nm,
Emission bandwidth,,,,20,nm,
Gain,,,,60,Manual,
Mirror,,,,Automatic (Dichroic 510),,
Number of flashes,,,,30,,
Integration time,,,,40,µs,
Lag time,,,,0,µs,
Settle time,,,,0,ms,
Z-Position,,,,20000,µm,
Z-Position mode,,,,Manual,,
Part of Plate,,,,A1-H12,,
,,,,,,
Start Time,,,,19/12/2019 15:11,,
Temperature,,,,28.2,°C,
,,,,,,
<>,Value,Time [ms],,,,
A1,36911,0,,,,
A2,19221,778,,,,
A3,9448,1446,,,,
A4,4853,2114,,,,
A5,2404,2782,,,,
A6,1137,3450,,,,
A7,581,4118,,,,
A8,296,4786,,,,
A9,153,5454,,,,
A10,76,6122,,,,
A11,42,6789,,,,
A12,7,7458,,,,
B1,42376,15489,,,,
B2,18887,14821,,,,
B3,9739,14154,,,,
B4,4823,13485,,,,
B5,2314,12817,,,,
B6,1158,12150,,,,
B7,578,11482,,,,
B8,286,10814,,,,
B9,148,10146,,,,
B10,74,9478,,,,
B11,41,8810,,,,
B12,7,8142,,,,
C1,33015,16173,,,,
C2,19136,16840,,,,
C3,10078,17507,,,,
C4,5127,18176,,,,
C5,2559,18844,,,,
C6,1280,19512,,,,
C7,670,20180,,,,
C8,338,20847,,,,
C9,182,21515,,,,
C10,95,22183,,,,
C11,51,22853,,,,
C12,7,23521,,,,
D1,37406,31552,,,,
D2,19101,30884,,,,
D3,9732,30217,,,,
D4,4510,29549,,,,
D5,2392,28881,,,,
D6,1172,28213,,,,
D7,576,27544,,,,
D8,291,26876,,,,
D9,147,26208,,,,
D10,77,25540,,,,
D11,40,24872,,,,
D12,6,24205,,,,
E1,7,32237,,,,
E2,8,32904,,,,
E3,8,33572,,,,
E4,8,34240,,,,
E5,7,34908,,,,
E6,7,35576,,,,
E7,8,36243,,,,
E8,7,36910,,,,
E9,7,37578,,,,
E10,7,38247,,,,
E11,7,38915,,,,
E12,7,39583,,,,
F1,8,47611,,,,
F2,8,46943,,,,
F3,8,46275,,,,
F4,7,45607,,,,
F5,8,44939,,,,
F6,7,44271,,,,
F7,7,43603,,,,
F8,7,42935,,,,
F9,7,42268,,,,
F10,7,41601,,,,
F11,7,40933,,,,
F12,7,40265,,,,
G1,7,48293,,,,
G2,7,48961,,,,
G3,8,49629,,,,
G4,8,50296,,,,
G5,8,50963,,,,
G6,8,51631,,,,
G7,8,52299,,,,
G8,7,52967,,,,
G9,7,53635,,,,
G10,7,54303,,,,
G11,7,54971,,,,
G12,6,55639,,,,
H1,7,63670,,,,
H2,7,63002,,,,
H3,7,62334,,,,
H4,7,61666,,,,
H5,8,60998,,,,
H6,7,60331,,,,
H7,9,59663,,,,
H8,10,58995,,,,
H9,8,58327,,,,
H10,7,57658,,,,
H11,7,56990,,,,
H12,7,56323,,,,
,,,,,,
,,,,,,
End Time,,,,19/12/2019 15:12,,
,,,,,,
Mode,Fluorescence Top Reading,,,,,
Name,GFP 70,,,,,
Excitation,,,,Monochromator,,
Excitation wavelength,,,,488,nm,
Excitation bandwidth,,,,20,nm,
Emission,,,,Monochromator,,
Emission wavelength,,,,530,nm,
Emission bandwidth,,,,20,nm,
Gain,,,,70,Manual,
Mirror,,,,Automatic (Dichroic 510),,
Number of flashes,,,,30,,
Integration time,,,,40,µs,
Lag time,,,,0,µs,
Settle time,,,,0,ms,
Z-Position,,,,20000,µm,
Z-Position mode,,,,Manual,,
Part of Plate,,,,A1-H12,,
,,,,,,
Start Time,,,,19/12/2019 15:12,,
Temperature,,,,28,°C,
,,,,,,
<>,Value,Time [ms],,,,
A1,OVER,0,,,,
A2,54510,777,,,,
A3,27864,1445,,,,
A4,14513,2113,,,,
A5,7128,2781,,,,
A6,3388,3449,,,,
A7,1733,4116,,,,
A8,883,4784,,,,
A9,454,5453,,,,
A10,227,6121,,,,
A11,124,6788,,,,
A12,20,7456,,,,
B1,OVER,15486,,,,
B2,53645,14818,,,,
B3,28562,14150,,,,
B4,14304,13482,,,,
B5,6901,12814,,,,
B6,3443,12146,,,,
B7,1722,11477,,,,
B8,857,10810,,,,
B9,445,10142,,,,
B10,223,9475,,,,
B11,121,8807,,,,
B12,20,8140,,,,
C1,OVER,16170,,,,
C2,54613,16837,,,,
C3,29570,17505,,,,
C4,15429,18173,,,,
C5,7651,18841,,,,
C6,3853,19509,,,,
C7,2011,20177,,,,
C8,1018,20844,,,,
C9,545,21512,,,,
C10,282,22181,,,,
C11,152,22849,,,,
C12,20,23517,,,,
D1,OVER,31546,,,,
D2,54386,30878,,,,
D3,28393,30210,,,,
D4,13505,29543,,,,
D5,7088,28875,,,,
D6,3468,28208,,,,
D7,1684,27541,,,,
D8,863,26873,,,,
D9,437,26205,,,,
D10,225,25537,,,,
D11,118,24869,,,,
D12,19,24201,,,,
E1,23,32231,,,,
E2,23,32899,,,,
E3,23,33567,,,,
E4,22,34234,,,,
E5,22,34901,,,,
E6,22,35569,,,,
E7,22,36236,,,,
E8,23,36903,,,,
E9,21,37571,,,,
E10,22,38239,,,,
E11,21,38906,,,,
E12,21,39574,,,,
F1,21,47605,,,,
F2,23,46937,,,,
F3,24,46270,,,,
F4,23,45602,,,,
F5,23,44934,,,,
F6,22,44266,,,,
F7,22,43598,,,,
F8,21,42930,,,,
F9,22,42262,,,,
F10,22,41593,,,,
F11,20,40926,,,,
F12,20,40258,,,,
G1,22,48290,,,,
G2,23,48957,,,,
G3,23,49625,,,,
G4,24,50293,,,,
G5,24,50962,,,,
G6,23,51629,,,,
G7,22,52297,,,,
G8,22,52965,,,,
G9,22,53633,,,,
G10,21,54301,,,,
G11,21,54969,,,,
G12,20,55637,,,,
H1,22,63669,,,,
H2,23,63001,,,,
H3,22,62334,,,,
H4,23,61666,,,,
H5,23,60997,,,,
H6,22,60330,,,,
H7,27,59663,,,,
H8,28,58995,,,,
H9,24,58328,,,,
H10,22,57657,,,,
H11,22,56989,,,,
H12,22,56321,,,,
,,,,,,
,,,,,,
End Time,,,,19/12/2019 15:13,,
,,,,,,
Mode,Fluorescence Top Reading,,,,,
Name,GFP 80,,,,,
Excitation,,,,Monochromator,,
Excitation wavelength,,,,488,nm,
Excitation bandwidth,,,,20,nm,
Emission,,,,Monochromator,,
Emission wavelength,,,,530,nm,
Emission bandwidth,,,,20,nm,
Gain,,,,80,Manual,
Mirror,,,,Automatic (Dichroic 510),,
Number of flashes,,,,30,,
Integration time,,,,40,µs,
Lag time,,,,0,µs,
Settle time,,,,0,ms,
Z-Position,,,,20000,µm,
Z-Position mode,,,,Manual,,
Part of Plate,,,,A1-H12,,
,,,,,,
Start Time,,,,19/12/2019 15:13,,
Temperature,,,,28,°C,
,,,,,,
<>,Value,Time [ms],,,,
A1,OVER,0,,,,
A2,OVER,777,,,,
A3,OVER,1445,,,,
A4,36349,2112,,,,
A5,18282,2780,,,,
A6,8672,3448,,,,
A7,4464,4116,,,,
A8,2255,4784,,,,
A9,1160,5453,,,,
A10,578,6121,,,,
A11,316,6789,,,,
A12,52,7456,,,,
B1,OVER,15486,,,,
B2,OVER,14818,,,,
B3,OVER,14150,,,,
B4,35869,13482,,,,
B5,17604,12815,,,,
B6,8880,12147,,,,
B7,4417,11480,,,,
B8,2162,10812,,,,
B9,1127,10144,,,,
B10,563,9476,,,,
B11,312,8808,,,,
B12,52,8140,,,,
C1,OVER,16170,,,,
C2,OVER,16838,,,,
C3,OVER,17506,,,,
C4,38751,18174,,,,
C5,19627,18842,,,,
C6,9783,19510,,,,
C7,5184,20177,,,,
C8,2588,20845,,,,
C9,1390,21513,,,,
C10,724,22181,,,,
C11,390,22849,,,,
C12,52,23517,,,,
D1,OVER,31547,,,,
D2,OVER,30880,,,,
D3,OVER,30212,,,,
D4,33991,29544,,,,
D5,18110,28877,,,,
D6,8910,28209,,,,
D7,4333,27542,,,,
D8,2223,26874,,,,
D9,1121,26206,,,,
D10,577,25538,,,,
D11,307,24869,,,,
D12,50,24202,,,,
E1,56,32231,,,,
E2,60,32898,,,,
E3,60,33566,,,,
E4,59,34234,,,,
E5,57,34903,,,,
E6,56,35571,,,,
E7,55,36239,,,,
E8,56,36907,,,,
E9,55,37575,,,,
E10,57,38243,,,,
E11,56,38911,,,,
E12,54,39578,,,,
F1,56,47610,,,,
F2,60,46942,,,,
F3,61,46274,,,,
F4,58,45606,,,,
F5,58,44937,,,,
F6,57,44269,,,,
F7,56,43602,,,,
F8,54,42934,,,,
F9,55,42266,,,,
F10,57,41598,,,,
F11,52,40930,,,,
F12,54,40262,,,,
G1,56,48294,,,,
G2,58,48962,,,,
G3,60,49630,,,,
G4,62,50297,,,,
G5,59,50965,,,,
G6,59,51633,,,,
G7,57,52301,,,,
G8,58,52969,,,,
G9,56,53637,,,,
G10,52,54305,,,,
G11,54,54973,,,,
G12,51,55642,,,,
H1,55,63672,,,,
H2,58,63005,,,,
H3,58,62337,,,,
H4,57,61669,,,,
H5,60,61001,,,,
H6,56,60333,,,,
H7,68,59665,,,,
H8,73,58997,,,,
H9,65,58329,,,,
H10,57,57662,,,,
H11,57,56994,,,,
H12,55,56326,,,,
,,,,,,
,,,,,,
End Time,,,,19/12/2019 15:15,,
,,,,,,
Mode,Fluorescence Top Reading,,,,,
Name,GFP 90,,,,,
Excitation,,,,Monochromator,,
Excitation wavelength,,,,488,nm,
Excitation bandwidth,,,,20,nm,
Emission,,,,Monochromator,,
Emission wavelength,,,,530,nm,
Emission bandwidth,,,,20,nm,
Gain,,,,90,Manual,
Mirror,,,,Automatic (Dichroic 510),,
Number of flashes,,,,30,,
Integration time,,,,40,µs,
Lag time,,,,0,µs,
Settle time,,,,0,ms,
Z-Position,,,,20000,µm,
Z-Position mode,,,,Manual,,
Part of Plate,,,,A1-H12,,
,,,,,,
Start Time,,,,19/12/2019 15:15,,
Temperature,,,,27.9,°C,
,,,,,,
<>,Value,Time [ms],,,,
A1,OVER,0,,,,
A2,OVER,778,,,,
A3,OVER,1445,,,,
A4,OVER,2112,,,,
A5,41812,2780,,,,
A6,20095,3448,,,,
A7,10204,4115,,,,
A8,5224,4783,,,,
A9,2681,5450,,,,
A10,1330,6118,,,,
A11,729,6786,,,,
A12,119,7454,,,,
B1,OVER,15486,,,,
B2,OVER,14818,,,,
B3,OVER,14150,,,,
B4,OVER,13482,,,,
B5,40521,12814,,,,
B6,20403,12146,,,,
B7,10297,11478,,,,
B8,5080,10810,,,,
B9,2627,10142,,,,
B10,1308,9475,,,,
B11,726,8807,,,,
B12,122,8139,,,,
C1,OVER,16168,,,,
C2,OVER,16836,,,,
C3,OVER,17503,,,,
C4,OVER,18171,,,,
C5,44688,18840,,,,
C6,22754,19508,,,,
C7,11869,20176,,,,
C8,6013,20844,,,,
C9,3230,21513,,,,
C10,1680,22181,,,,
C11,906,22848,,,,
C12,117,23515,,,,
D1,OVER,31547,,,,
D2,OVER,30879,,,,
D3,OVER,30211,,,,
D4,OVER,29543,,,,
D5,41487,28875,,,,
D6,20564,28207,,,,
D7,9989,27539,,,,
D8,5099,26871,,,,
D9,2581,26203,,,,
D10,1326,25535,,,,
D11,702,24867,,,,
D12,115,24199,,,,
E1,135,32231,,,,
E2,141,32899,,,,
E3,139,33567,,,,
E4,135,34235,,,,
E5,131,34903,,,,
E6,131,35571,,,,
E7,131,36239,,,,
E8,132,36906,,,,
E9,128,37575,,,,
E10,134,38242,,,,
E11,128,38911,,,,
E12,123,39579,,,,
F1,129,47608,,,,
F2,136,46941,,,,
F3,142,46274,,,,
F4,135,45606,,,,
F5,136,44939,,,,
F6,129,44271,,,,
F7,127,43603,,,,
F8,130,42935,,,,
F9,130,42267,,,,
F10,131,41599,,,,
F11,124,40931,,,,
F12,124,40263,,,,
G1,131,48293,,,,
G2,135,48961,,,,
G3,137,49629,,,,
G4,142,50297,,,,
G5,145,50964,,,,
G6,138,51632,,,,
G7,132,52300,,,,
G8,136,52968,,,,
G9,132,53635,,,,
G10,119,54303,,,,
G11,123,54971,,,,
G12,121,55639,,,,
H1,133,63671,,,,
H2,135,63003,,,,
H3,135,62335,,,,
H4,133,61667,,,,
H5,140,60999,,,,
H6,134,60331,,,,
H7,166,59663,,,,
H8,169,58995,,,,
H9,146,58327,,,,
H10,133,57659,,,,
H11,132,56991,,,,
H12,128,56323,,,,
,,,,,,
,,,,,,
End Time,,,,19/12/2019 15:16,,
,,,,,,
Mode,Fluorescence Top Reading,,,,,
Name,GFP 100,,,,,
Excitation,,,,Monochromator,,
Excitation wavelength,,,,488,nm,
Excitation bandwidth,,,,20,nm,
Emission,,,,Monochromator,,
Emission wavelength,,,,530,nm,
Emission bandwidth,,,,20,nm,
Gain,,,,100,Manual,
Mirror,,,,Automatic (Dichroic 510),,
Number of flashes,,,,30,,
Integration time,,,,40,µs,
Lag time,,,,0,µs,
Settle time,,,,0,ms,
Z-Position,,,,20000,µm,
Z-Position mode,,,,Manual,,
Part of Plate,,,,A1-H12,,
,,,,,,
Start Time,,,,19/12/2019 15:16,,
Temperature,,,,27.9,°C,
,,,,,,
<>,Value,Time [ms],,,,
A1,OVER,0,,,,
A2,OVER,777,,,,
A3,OVER,1444,,,,
A4,OVER,2112,,,,
A5,OVER,2780,,,,
A6,42244,3448,,,,
A7,21665,4116,,,,
A8,11013,4784,,,,
A9,5671,5452,,,,
A10,2842,6120,,,,
A11,1562,6788,,,,
A12,246,7455,,,,
B1,OVER,15485,,,,
B2,OVER,14817,,,,
B3,OVER,14150,,,,
B4,OVER,13482,,,,
B5,OVER,12814,,,,
B6,42963,12145,,,,
B7,21574,11477,,,,
B8,10684,10809,,,,
B9,5554,10142,,,,
B10,2794,9474,,,,
B11,1534,8806,,,,
B12,252,8138,,,,
C1,OVER,16169,,,,
C2,OVER,16836,,,,
C3,OVER,17503,,,,
C4,OVER,18171,,,,
C5,OVER,18839,,,,
C6,47388,19507,,,,
C7,24938,20175,,,,
C8,12642,20842,,,,
C9,6844,21511,,,,
C10,3530,22178,,,,
C11,1913,22847,,,,
C12,244,23515,,,,
D1,OVER,31546,,,,
D2,OVER,30878,,,,
D3,OVER,30210,,,,
D4,OVER,29542,,,,
D5,OVER,28874,,,,
D6,43074,28206,,,,
D7,21188,27538,,,,
D8,10898,26870,,,,
D9,5476,26203,,,,
D10,2807,25535,,,,
D11,1494,24867,,,,
D12,243,24199,,,,
E1,277,32230,,,,
E2,305,32898,,,,
E3,293,33566,,,,
E4,284,34234,,,,
E5,277,34902,,,,
E6,268,35570,,,,
E7,273,36238,,,,
E8,288,36906,,,,
E9,269,37574,,,,
E10,277,38242,,,,
E11,267,38909,,,,
E12,265,39577,,,,
F1,273,47607,,,,
F2,288,46939,,,,
F3,298,46272,,,,
F4,284,45604,,,,
F5,292,44937,,,,
F6,279,44270,,,,
F7,268,43602,,,,
F8,269,42934,,,,
F9,264,42266,,,,
F10,277,41597,,,,
F11,261,40929,,,,
F12,260,40262,,,,
G1,281,48291,,,,
G2,283,48958,,,,
G3,299,49626,,,,
G4,308,50294,,,,
G5,299,50961,,,,
G6,283,51629,,,,
G7,280,52297,,,,
G8,286,52965,,,,
G9,277,53633,,,,
G10,260,54301,,,,
G11,259,54969,,,,
G12,258,55637,,,,
H1,277,63669,,,,
H2,290,63001,,,,
H3,285,62332,,,,
H4,292,61665,,,,
H5,294,60996,,,,
H6,276,60328,,,,
H7,335,59660,,,,
H8,354,58992,,,,
H9,313,58324,,,,
H10,279,57656,,,,
H11,276,56988,,,,
H12,275,56321,,,,
,,,,,,
,,,,,,
End Time,,,,19/12/2019 15:17,,
,,,,,,
Mode,Fluorescence Top Reading,,,,,
Name,GFP 110,,,,,
Excitation,,,,Monochromator,,
Excitation wavelength,,,,488,nm,
Excitation bandwidth,,,,20,nm,
Emission,,,,Monochromator,,
Emission wavelength,,,,530,nm,
Emission bandwidth,,,,20,nm,
Gain,,,,110,Manual,
Mirror,,,,Automatic (Dichroic 510),,
Number of flashes,,,,30,,
Integration time,,,,40,µs,
Lag time,,,,0,µs,
Settle time,,,,0,ms,
Z-Position,,,,20000,µm,
Z-Position mode,,,,Manual,,
Part of Plate,,,,A1-H12,,
,,,,,,
Start Time,,,,19/12/2019 15:17,,
Temperature,,,,27.7,°C,
,,,,,,
<>,Value,Time [ms],,,,
A1,OVER,0,,,,
A2,OVER,778,,,,
A3,OVER,1446,,,,
A4,OVER,2114,,,,
A5,OVER,2781,,,,
A6,OVER,3449,,,,
A7,43374,4116,,,,
A8,22278,4783,,,,
A9,11383,5451,,,,
A10,5695,6120,,,,
A11,3143,6788,,,,
A12,491,7456,,,,
B1,OVER,15486,,,,
B2,OVER,14817,,,,
B3,OVER,14150,,,,
B4,OVER,13482,,,,
B5,OVER,12814,,,,
B6,OVER,12146,,,,
B7,43215,11478,,,,
B8,21470,10810,,,,
B9,11165,10143,,,,
B10,5592,9475,,,,
B11,3068,8807,,,,
B12,513,8139,,,,
C1,OVER,16168,,,,
C2,OVER,16836,,,,
C3,OVER,17504,,,,
C4,OVER,18171,,,,
C5,OVER,18839,,,,
C6,OVER,19507,,,,
C7,50197,20174,,,,
C8,25441,20841,,,,
C9,13771,21509,,,,
C10,7183,22177,,,,
C11,3850,22844,,,,
C12,498,23512,,,,
D1,OVER,31542,,,,
D2,OVER,30874,,,,
D3,OVER,30207,,,,
D4,OVER,29539,,,,
D5,OVER,28871,,,,
D6,OVER,28204,,,,
D7,42712,27536,,,,
D8,21882,26868,,,,
D9,11030,26200,,,,
D10,5709,25531,,,,
D11,2994,24863,,,,
D12,491,24196,,,,
E1,570,32226,,,,
E2,597,32893,,,,
E3,589,33561,,,,
E4,576,34229,,,,
E5,565,34897,,,,
E6,547,35565,,,,
E7,552,36233,,,,
E8,538,36901,,,,
E9,528,37569,,,,
E10,542,38237,,,,
E11,535,38905,,,,
E12,528,39573,,,,
F1,547,47603,,,,
F2,582,46935,,,,
F3,598,46267,,,,
F4,571,45599,,,,
F5,566,44930,,,,
F6,553,44262,,,,
F7,536,43594,,,,
F8,536,42926,,,,
F9,561,42259,,,,
F10,559,41592,,,,
F11,502,40924,,,,
F12,522,40257,,,,
G1,553,48286,,,,
G2,578,48954,,,,
G3,576,49622,,,,
G4,596,50290,,,,
G5,593,50958,,,,
G6,575,51626,,,,
G7,562,52293,,,,
G8,557,52960,,,,
G9,559,53628,,,,
G10,504,54296,,,,
G11,516,54963,,,,
G12,508,55632,,,,
H1,557,63663,,,,
H2,579,62995,,,,
H3,562,62327,,,,
H4,567,61659,,,,
H5,595,60991,,,,
H6,545,60324,,,,
H7,670,59656,,,,
H8,706,58988,,,,
H9,626,58320,,,,
H10,561,57652,,,,
H11,550,56984,,,,
H12,541,56316,,,,
,,,,,,
,,,,,,
End Time,,,,19/12/2019 15:18,,
,,,,,,
Mode,Fluorescence Top Reading,,,,,
Name,GFP 120,,,,,
Excitation,,,,Monochromator,,
Excitation wavelength,,,,488,nm,
Excitation bandwidth,,,,20,nm,
Emission,,,,Monochromator,,
Emission wavelength,,,,530,nm,
Emission bandwidth,,,,20,nm,
Gain,,,,120,Manual,
Mirror,,,,Automatic (Dichroic 510),,
Number of flashes,,,,30,,
Integration time,,,,40,µs,
Lag time,,,,0,µs,
Settle time,,,,0,ms,
Z-Position,,,,20000,µm,
Z-Position mode,,,,Manual,,
Part of Plate,,,,A1-H12,,
,,,,,,
Start Time,,,,19/12/2019 15:19,,
Temperature,,,,27.6,°C,
,,,,,,
<>,Value,Time [ms],,,,
A1,OVER,0,,,,
A2,OVER,777,,,,
A3,OVER,1445,,,,
A4,OVER,2113,,,,
A5,OVER,2780,,,,
A6,OVER,3448,,,,
A7,OVER,4116,,,,
A8,42802,4784,,,,
A9,22231,5452,,,,
A10,11008,6120,,,,
A11,6020,6789,,,,
A12,969,7456,,,,
B1,OVER,15487,,,,
B2,OVER,14819,,,,
B3,OVER,14152,,,,
B4,OVER,13484,,,,
B5,OVER,12816,,,,
B6,OVER,12148,,,,
B7,OVER,11480,,,,
B8,41483,10812,,,,
B9,21597,10144,,,,
B10,10697,9475,,,,
B11,5909,8808,,,,
B12,956,8140,,,,
C1,OVER,16175,,,,
C2,OVER,16842,,,,
C3,OVER,17510,,,,
C4,OVER,18177,,,,
C5,OVER,18846,,,,
C6,OVER,19514,,,,
C7,OVER,20182,,,,
C8,49472,20850,,,,
C9,26431,21518,,,,
C10,13821,22186,,,,
C11,7460,22854,,,,
C12,978,23522,,,,
D1,OVER,31551,,,,
D2,OVER,30883,,,,
D3,OVER,30215,,,,
D4,OVER,29547,,,,
D5,OVER,28878,,,,
D6,OVER,28210,,,,
D7,OVER,27543,,,,
D8,42137,26875,,,,
D9,21377,26208,,,,
D10,11010,25541,,,,
D11,5801,24873,,,,
D12,946,24205,,,,
E1,1102,32235,,,,
E2,1176,32903,,,,
E3,1150,33571,,,,
E4,1107,34238,,,,
E5,1090,34906,,,,
E6,1078,35574,,,,
E7,1022,36242,,,,
E8,1096,36910,,,,
E9,1011,37578,,,,
E10,1076,38246,,,,
E11,1050,38914,,,,
E12,1001,39583,,,,
F1,1073,47613,,,,
F2,1130,46946,,,,
F3,1142,46278,,,,
F4,1133,45610,,,,
F5,1109,44942,,,,
F6,1079,44274,,,,
F7,1055,43606,,,,
F8,1066,42938,,,,
F9,1088,42270,,,,
F10,1082,41602,,,,
F11,991,40934,,,,
F12,999,40266,,,,
G1,1096,48298,,,,
G2,1112,48965,,,,
G3,1121,49634,,,,
G4,1171,50302,,,,
G5,1192,50970,,,,
G6,1088,51638,,,,
G7,1080,52305,,,,
G8,1090,52973,,,,
G9,1082,53641,,,,
G10,990,54309,,,,
G11,1026,54977,,,,
G12,977,55645,,,,
H1,1106,63677,,,,
H2,1107,63009,,,,
H3,1101,62341,,,,
H4,1098,61673,,,,
H5,1130,61005,,,,
H6,1054,60337,,,,
H7,1321,59669,,,,
H8,1391,59000,,,,
H9,1215,58332,,,,
H10,1059,57665,,,,
H11,1073,56997,,,,
H12,1064,56330,,,,
,,,,,,
,,,,,,
End Time,,,,19/12/2019 15:20,,
